COUNTRY,YEAR,COMMODITY,FLOW,TRADE_USD,QUANTITY_KG
Albania,2011,"Articles of copper, nes",Import,100603,5260
Albania,2011,"Articles of copper, nes",Export,4228,30
Algeria,2011,"Articles of copper, nes",Import,890026,48781
Algeria,2011,"Articles of copper, nes",Export,314,760
Antigua and Barbuda,2011,"Articles of copper, nes",Import,26075,7283
Antigua and Barbuda,2011,"Articles of copper, nes",Export,75,4
Argentina,2011,"Articles of copper, nes",Import,19796750,1100452
Argentina,2011,"Articles of copper, nes",Export,1356444,56176
Armenia,2011,"Articles of copper, nes",Import,274166,8857
Armenia,2011,"Articles of copper, nes",Export,12617,96
Aruba,2011,"Articles of copper, nes",Import,311052,30058
Australia,2011,"Articles of copper, nes",Import,34976391,3112080
Australia,2011,"Articles of copper, nes",Export,2003052,122132
Azerbaijan,2011,"Articles of copper, nes",Import,387519,46176
Azerbaijan,2011,"Articles of copper, nes",Export,2644,142
Bahamas,2011,"Articles of copper, nes",Import,867621,103223
Bahamas,2011,"Articles of copper, nes",Export,379341,41668
Bahrain,2011,"Articles of copper, nes",Import,482210,120074
Bahrain,2011,"Articles of copper, nes",Export,47189,8205
Barbados,2011,"Articles of copper, nes",Import,418843,44032
Barbados,2011,"Articles of copper, nes",Export,4703,183
Belarus,2011,"Articles of copper, nes",Export,455900,7838
Belarus,2011,"Articles of copper, nes",Import,10321200,607810
Belgium,2011,"Articles of copper, nes",Import,32528239,3158319
Belgium,2011,"Articles of copper, nes",Export,23737262,1986641
Bolivia,2011,"Articles of copper, nes",Import,169048,8659
Bosnia Herzegovina,2011,"Articles of copper, nes",Import,1035811,50035
Bosnia Herzegovina,2011,"Articles of copper, nes",Export,157950,9019
Botswana,2011,"Articles of copper, nes",Import,3631658,133675
Botswana,2011,"Articles of copper, nes",Export,39068,5743
Brazil,2011,"Articles of copper, nes",Import,20032521,555363
Brazil,2011,"Articles of copper, nes",Export,1769645,37938
Bulgaria,2011,"Articles of copper, nes",Import,2427451,170104
Bulgaria,2011,"Articles of copper, nes",Export,247920,3249
Canada,2011,"Articles of copper, nes",Import,48670879,4441863
Cape Verde,2011,"Articles of copper, nes",Import,62914,8907
Chile,2011,"Articles of copper, nes",Import,3583727,271189
Chile,2011,"Articles of copper, nes",Export,2535067,118496
China,2011,"Articles of copper, nes",Import,460674729,23003240
China,2011,"Articles of copper, nes",Export,253490702,21701764
"China, Macao SAR",2011,"Articles of copper, nes",Import,94749,13661
Colombia,2011,"Articles of copper, nes",Import,2263451,147426
Colombia,2011,"Articles of copper, nes",Export,149960,8174
Costa Rica,2011,"Articles of copper, nes",Import,731051,60479
Costa Rica,2011,"Articles of copper, nes",Export,85263,10820
C??te d'Ivoire,2011,"Articles of copper, nes",Import,199820,42167
Croatia,2011,"Articles of copper, nes",Import,5177098,156081
Croatia,2011,"Articles of copper, nes",Export,1825559,95053
Cyprus,2011,"Articles of copper, nes",Import,316230,25580
Czech Rep.,2011,"Articles of copper, nes",Import,52108638,7628383
Czech Rep.,2011,"Articles of copper, nes",Export,29589593,1597897
Denmark,2011,"Articles of copper, nes",Import,21407775,2521173
Denmark,2011,"Articles of copper, nes",Export,21507649,2053695
Ecuador,2011,"Articles of copper, nes",Import,1513045,111200
Ecuador,2011,"Articles of copper, nes",Export,2254,799
Estonia,2011,"Articles of copper, nes",Import,5980259,217024
Estonia,2011,"Articles of copper, nes",Export,1947338,179666
Ethiopia,2011,"Articles of copper, nes",Import,350603,40832
Ethiopia,2011,"Articles of copper, nes",Export,2614,677
EU-27,2011,"Articles of copper, nes",Import,314063249,15935696
EU-27,2011,"Articles of copper, nes",Export,386191419,18071158
Finland,2011,"Articles of copper, nes",Import,15266062,923125
Finland,2011,"Articles of copper, nes",Export,27575218,1410331
France,2011,"Articles of copper, nes",Import,94302478,5302395
France,2011,"Articles of copper, nes",Export,170690861,6767775
French Polynesia,2011,"Articles of copper, nes",Import,78282,3759
French Polynesia,2011,"Articles of copper, nes",Export,97,3
Germany,2011,"Articles of copper, nes",Import,281532377,14217950
Germany,2011,"Articles of copper, nes",Export,561634631,24592891
Ghana,2011,"Articles of copper, nes",Import,1002782,171403
Ghana,2011,"Articles of copper, nes",Export,70840,59841
Greece,2011,"Articles of copper, nes",Import,2126538,131235
Greece,2011,"Articles of copper, nes",Export,862733,24517
Guatemala,2011,"Articles of copper, nes",Import,532482,50175
Guatemala,2011,"Articles of copper, nes",Export,6314,6310
Guyana,2011,"Articles of copper, nes",Import,17934,6661
Guyana,2011,"Articles of copper, nes",Export,45071,1000
Hungary,2011,"Articles of copper, nes",Import,35396000,1751597
Hungary,2011,"Articles of copper, nes",Export,24183000,1807274
Iceland,2011,"Articles of copper, nes",Import,399962,17594
India,2011,"Articles of copper, nes",Import,37404573,3432297
India,2011,"Articles of copper, nes",Export,217361682,35815129
Indonesia,2011,"Articles of copper, nes",Import,15488690,1824161
Indonesia,2011,"Articles of copper, nes",Export,160574,13525
Ireland,2011,"Articles of copper, nes",Import,3183069,199655
Ireland,2011,"Articles of copper, nes",Export,1137511,12167
Italy,2011,"Articles of copper, nes",Import,43638448,2830856
Italy,2011,"Articles of copper, nes",Export,172017360,10516437
Japan,2011,"Articles of copper, nes",Import,110581788,4183137
Japan,2011,"Articles of copper, nes",Export,300551046,13981289
Jordan,2011,"Articles of copper, nes",Import,1128855,115213
Jordan,2011,"Articles of copper, nes",Export,1203621,82640
Kyrgyzstan,2011,"Articles of copper, nes",Import,91923,8270
Latvia,2011,"Articles of copper, nes",Import,1111619,84440
Latvia,2011,"Articles of copper, nes",Export,994667,133882
Lebanon,2011,"Articles of copper, nes",Import,487301,33968
Lebanon,2011,"Articles of copper, nes",Export,102909,7767
Lithuania,2011,"Articles of copper, nes",Import,6448641,350759
Lithuania,2011,"Articles of copper, nes",Export,1371944,57617
Luxembourg,2011,"Articles of copper, nes",Import,2113289,154810
Luxembourg,2011,"Articles of copper, nes",Export,290224,4267
Malawi,2011,"Articles of copper, nes",Import,14061,2064
Malawi,2011,"Articles of copper, nes",Export,64,500
Malaysia,2011,"Articles of copper, nes",Import,18981538,1958826
Malaysia,2011,"Articles of copper, nes",Export,8972179,1813149
Mauritius,2011,"Articles of copper, nes",Import,625081,23498
Mauritius,2011,"Articles of copper, nes",Export,2052,510
Mexico,2011,"Articles of copper, nes",Import,214424339,9548034
Mexico,2011,"Articles of copper, nes",Export,127941115,14765973
Montenegro,2011,"Articles of copper, nes",Import,134681,5562
Montenegro,2011,"Articles of copper, nes",Export,1859,114
Mozambique,2011,"Articles of copper, nes",Import,86000,3811
New Caledonia,2011,"Articles of copper, nes",Import,180942,9569
New Caledonia,2011,"Articles of copper, nes",Export,437061,139611
New Zealand,2011,"Articles of copper, nes",Import,3549468,169313
New Zealand,2011,"Articles of copper, nes",Export,4826191,315328
Nicaragua,2011,"Articles of copper, nes",Import,84646,8108
Nicaragua,2011,"Articles of copper, nes",Export,459,21
Niger,2011,"Articles of copper, nes",Import,18484,1606
Norway,2011,"Articles of copper, nes",Import,16347329,854993
Norway,2011,"Articles of copper, nes",Export,16310863,797643
Sweden,2011,"Articles of copper, nes",Import,34197444,2255654
"Other Asia, nes",2011,"Articles of copper, nes",Import,58732328,4586579
"Other Asia, nes",2011,"Articles of copper, nes",Export,299930260,24795569
Pakistan,2011,"Articles of copper, nes",Import,327925,87739
Pakistan,2011,"Articles of copper, nes",Export,1654302,281996
Panama,2011,"Articles of copper, nes",Import,661386,43747
Panama,2011,"Articles of copper, nes",Export,66931,5520
Sweden,2011,"Articles of copper, nes",Export,19692141,1131425
Paraguay,2011,"Articles of copper, nes",Import,579331,31337
Paraguay,2011,"Articles of copper, nes",Export,540,40000
Peru,2011,"Articles of copper, nes",Import,9021915,934086
Peru,2011,"Articles of copper, nes",Export,1497238,237626
Philippines,2011,"Articles of copper, nes",Export,490869,72672
Philippines,2011,"Articles of copper, nes",Import,45671480,7849905
Poland,2011,"Articles of copper, nes",Import,38029384,2571702
Poland,2011,"Articles of copper, nes",Export,21626340,1466178
Portugal,2011,"Articles of copper, nes",Import,6408101,413803
Portugal,2011,"Articles of copper, nes",Export,7252635,418319
Rep. of Korea,2011,"Articles of copper, nes",Import,63554824,2209528
Rep. of Korea,2011,"Articles of copper, nes",Export,211841226,10545437
Rep. of Moldova,2011,"Articles of copper, nes",Import,300399,19614
Rep. of Moldova,2011,"Articles of copper, nes",Export,225985,16976
Romania,2011,"Articles of copper, nes",Import,15754442,1367203
Romania,2011,"Articles of copper, nes",Export,5068083,294073
Russian Federation,2011,"Articles of copper, nes",Import,43393259,1172686
Russian Federation,2011,"Articles of copper, nes",Export,29189358,2602005
Rwanda,2011,"Articles of copper, nes",Import,24229,2229
Samoa,2011,"Articles of copper, nes",Import,292,1
Senegal,2011,"Articles of copper, nes",Import,327019,39661
Serbia,2011,"Articles of copper, nes",Import,5681680,509693
Serbia,2011,"Articles of copper, nes",Export,1350197,57203
Slovakia,2011,"Articles of copper, nes",Import,68755073,3967913
Slovakia,2011,"Articles of copper, nes",Export,37363679,2684651
Slovenia,2011,"Articles of copper, nes",Import,5913728,232863
Slovenia,2011,"Articles of copper, nes",Export,3006656,125645
South Africa,2011,"Articles of copper, nes",Import,3819542,318015
South Africa,2011,"Articles of copper, nes",Export,22969888,1019039
Sri Lanka,2011,"Articles of copper, nes",Import,1399131,78605
Sri Lanka,2011,"Articles of copper, nes",Export,12381,1492
Suriname,2011,"Articles of copper, nes",Import,104349,12241
Switzerland,2011,"Articles of copper, nes",Import,49669226,1887925
Switzerland,2011,"Articles of copper, nes",Export,110669926,4045087
TFYR of Macedonia,2011,"Articles of copper, nes",Import,382980,16357
TFYR of Macedonia,2011,"Articles of copper, nes",Export,7600,501
Thailand,2011,"Articles of copper, nes",Import,130356492,7769611
Thailand,2011,"Articles of copper, nes",Export,23204083,1204606
Togo,2011,"Articles of copper, nes",Import,2562,4950
Turkey,2011,"Articles of copper, nes",Import,15913215,672904
Turkey,2011,"Articles of copper, nes",Export,11601581,787687
Algeria,2010,"Articles of copper, nes",Import,2364685,159651
Ukraine,2011,"Articles of copper, nes",Import,13720516,910714
Ukraine,2011,"Articles of copper, nes",Export,172596,780
United Kingdom,2011,"Articles of copper, nes",Import,54208564,3427907
United Kingdom,2011,"Articles of copper, nes",Export,90518516,4256659
Algeria,2010,"Articles of copper, nes",Export,1462,145
United Rep. of Tanzania,2011,"Articles of copper, nes",Import,469542,146462
United Rep. of Tanzania,2011,"Articles of copper, nes",Export,1651,219
USA,2011,"Articles of copper, nes",Import,363081531,19832642
USA,2011,"Articles of copper, nes",Export,211116144,10008885
Venezuela,2011,"Articles of copper, nes",Import,1524251,50598
Venezuela,2011,"Articles of copper, nes",Export,32202,2378
Yemen,2011,"Articles of copper, nes",Import,68707,35422
Albania,2010,"Articles of copper, nes",Import,484654,21283
Antigua and Barbuda,2010,"Articles of copper, nes",Import,33064,8912
Argentina,2010,"Articles of copper, nes",Import,20331132,1642784
Argentina,2010,"Articles of copper, nes",Export,1253982,63534
Armenia,2010,"Articles of copper, nes",Import,242825,2551
Armenia,2010,"Articles of copper, nes",Export,2941,20
Aruba,2010,"Articles of copper, nes",Import,80283,5907
Austria,2010,"Articles of copper, nes",Import,39827624,2283605
Austria,2010,"Articles of copper, nes",Export,22392552,992868
Azerbaijan,2010,"Articles of copper, nes",Import,94658,14251
Azerbaijan,2010,"Articles of copper, nes",Export,3688,199
Bahamas,2010,"Articles of copper, nes",Import,664523,84420
Bahamas,2010,"Articles of copper, nes",Export,602097,17959
Bahrain,2010,"Articles of copper, nes",Import,1379201,107997
Bahrain,2010,"Articles of copper, nes",Export,115495,9405
Barbados,2010,"Articles of copper, nes",Import,425610,65415
Barbados,2010,"Articles of copper, nes",Export,508,100
Belarus,2010,"Articles of copper, nes",Import,7503300,553608
Belarus,2010,"Articles of copper, nes",Export,353100,17437
Belgium,2010,"Articles of copper, nes",Import,22310096,1704374
Belgium,2010,"Articles of copper, nes",Export,17875615,1249210
Belize,2010,"Articles of copper, nes",Import,103381,15332
Benin,2010,"Articles of copper, nes",Import,9467,8929
Bhutan,2010,"Articles of copper, nes",Import,151681,13571
Bhutan,2010,"Articles of copper, nes",Export,136,11
Bolivia,2010,"Articles of copper, nes",Import,101843,4141
Bolivia,2010,"Articles of copper, nes",Export,1215,440
Bosnia Herzegovina,2010,"Articles of copper, nes",Import,1017684,58190
Bosnia Herzegovina,2010,"Articles of copper, nes",Export,175885,14230
Botswana,2010,"Articles of copper, nes",Import,1306450,187686
Botswana,2010,"Articles of copper, nes",Export,493,2260
Brazil,2010,"Articles of copper, nes",Import,12687036,485649
Brazil,2010,"Articles of copper, nes",Export,1121876,37434
Bulgaria,2010,"Articles of copper, nes",Import,3436623,221165
Bulgaria,2010,"Articles of copper, nes",Export,91567,2087
Burkina Faso,2010,"Articles of copper, nes",Import,151526,11900
Burkina Faso,2010,"Articles of copper, nes",Export,225,20
Burundi,2010,"Articles of copper, nes",Import,9871,2150
Cameroon,2010,"Articles of copper, nes",Import,225616,20167
Cameroon,2010,"Articles of copper, nes",Export,20796,8500
Canada,2010,"Articles of copper, nes",Import,46720258,4611602
Cape Verde,2010,"Articles of copper, nes",Import,57960,9793
Chile,2010,"Articles of copper, nes",Import,8948437,930911
Chile,2010,"Articles of copper, nes",Export,1540691,102610
China,2010,"Articles of copper, nes",Import,457809806,29495826
China,2010,"Articles of copper, nes",Export,209177042,21480746
Croatia,2010,"Articles of copper, nes",Export,1424783,88938
"China, Macao SAR",2010,"Articles of copper, nes",Import,115952,14602
Colombia,2010,"Articles of copper, nes",Import,1365231,87455
Colombia,2010,"Articles of copper, nes",Export,258873,25778
Congo,2010,"Articles of copper, nes",Import,17004,1624
Costa Rica,2010,"Articles of copper, nes",Import,722101,43847
Costa Rica,2010,"Articles of copper, nes",Export,99005,10124
C??te d'Ivoire,2010,"Articles of copper, nes",Import,463100,94868
C??te d'Ivoire,2010,"Articles of copper, nes",Export,38,2
Croatia,2010,"Articles of copper, nes",Import,4427885,130923
Cyprus,2010,"Articles of copper, nes",Import,492657,31999
Cyprus,2010,"Articles of copper, nes",Export,5136,269
EU-27,2010,"Articles of copper, nes",Export,342293898,18262986
Czech Rep.,2010,"Articles of copper, nes",Import,43433440,11188539
Czech Rep.,2010,"Articles of copper, nes",Export,27841299,1661856
Denmark,2010,"Articles of copper, nes",Import,18886093,2135637
Denmark,2010,"Articles of copper, nes",Export,15963679,1967967
Dominica,2010,"Articles of copper, nes",Import,14084,62
Dominica,2010,"Articles of copper, nes",Export,759,1093
Dominican Rep.,2010,"Articles of copper, nes",Export,8800,1290
Ecuador,2010,"Articles of copper, nes",Import,909458,74832
Ecuador,2010,"Articles of copper, nes",Export,3871,63
Egypt,2010,"Articles of copper, nes",Import,810875,231786
Egypt,2010,"Articles of copper, nes",Export,2748726,609072
El Salvador,2010,"Articles of copper, nes",Import,824180,29924
Estonia,2010,"Articles of copper, nes",Import,4563029,200161
Estonia,2010,"Articles of copper, nes",Export,1219639,64599
Ethiopia,2010,"Articles of copper, nes",Import,219881,29016
Ethiopia,2010,"Articles of copper, nes",Export,146125,25120
EU-27,2010,"Articles of copper, nes",Import,218217294,11795841
Fiji,2010,"Articles of copper, nes",Import,30888,5062
Fiji,2010,"Articles of copper, nes",Export,229,20
Finland,2010,"Articles of copper, nes",Import,11681721,882244
Finland,2010,"Articles of copper, nes",Export,11257107,543728
France,2010,"Articles of copper, nes",Import,68490021,4524588
France,2010,"Articles of copper, nes",Export,145374245,6530345
French Polynesia,2010,"Articles of copper, nes",Import,87328,4338
Georgia,2010,"Articles of copper, nes",Import,479366,19373
Georgia,2010,"Articles of copper, nes",Export,542,39
Mauritius,2010,"Articles of copper, nes",Export,40445,1408
Germany,2010,"Articles of copper, nes",Import,178677318,10325436
Germany,2010,"Articles of copper, nes",Export,407657263,22418109
Ghana,2010,"Articles of copper, nes",Import,455756,63104
Ghana,2010,"Articles of copper, nes",Export,27361,56685
Greece,2010,"Articles of copper, nes",Export,682321,31527
Greece,2010,"Articles of copper, nes",Import,2361708,178886
Guatemala,2010,"Articles of copper, nes",Export,1296,791
Guatemala,2010,"Articles of copper, nes",Import,345917,22042
Guyana,2010,"Articles of copper, nes",Import,15073,4104
Guyana,2010,"Articles of copper, nes",Export,94671,18008
Hungary,2010,"Articles of copper, nes",Import,20441000,829543
Hungary,2010,"Articles of copper, nes",Export,29598000,2961601
Iceland,2010,"Articles of copper, nes",Import,416998,17819
Iceland,2010,"Articles of copper, nes",Export,380,40
India,2010,"Articles of copper, nes",Import,31768200,7548887
Indonesia,2010,"Articles of copper, nes",Import,9815655,994922
Indonesia,2010,"Articles of copper, nes",Export,123080,17978
Iran,2010,"Articles of copper, nes",Import,274514,45625
Iran,2010,"Articles of copper, nes",Export,3355120,472554
Ireland,2010,"Articles of copper, nes",Import,3171198,218104
Ireland,2010,"Articles of copper, nes",Export,1254070,25174
Italy,2010,"Articles of copper, nes",Import,38680318,3280852
Italy,2010,"Articles of copper, nes",Export,161489775,12037683
Jamaica,2010,"Articles of copper, nes",Import,366261,45271
Japan,2010,"Articles of copper, nes",Import,93815860,3974068
Japan,2010,"Articles of copper, nes",Export,287400638,16343721
Jordan,2010,"Articles of copper, nes",Import,1678989,305724
Jordan,2010,"Articles of copper, nes",Export,317306,46204
Kenya,2010,"Articles of copper, nes",Import,157684,20940
Kenya,2010,"Articles of copper, nes",Export,23358,1606
Kyrgyzstan,2010,"Articles of copper, nes",Import,27159,1528
Latvia,2010,"Articles of copper, nes",Import,1393895,64366
Latvia,2010,"Articles of copper, nes",Export,164354,7363
Morocco,2010,"Articles of copper, nes",Export,1187831,107575
Lebanon,2010,"Articles of copper, nes",Import,361307,57733
Lebanon,2010,"Articles of copper, nes",Export,231894,15586
Lithuania,2010,"Articles of copper, nes",Import,3919455,252269
Lithuania,2010,"Articles of copper, nes",Export,727086,46148
Luxembourg,2010,"Articles of copper, nes",Import,1370042,95607
Luxembourg,2010,"Articles of copper, nes",Export,346999,4537
Madagascar,2010,"Articles of copper, nes",Import,134921,8923
Madagascar,2010,"Articles of copper, nes",Export,3787,58
Malawi,2010,"Articles of copper, nes",Import,26382,2828
Malaysia,2010,"Articles of copper, nes",Import,27640299,7627479
Malaysia,2010,"Articles of copper, nes",Export,8167202,2757831
Mali,2010,"Articles of copper, nes",Import,141034,12219
Malta,2010,"Articles of copper, nes",Import,164764,17968
Mauritius,2010,"Articles of copper, nes",Import,493795,20082
Mexico,2010,"Articles of copper, nes",Import,206815938,10589824
Mexico,2010,"Articles of copper, nes",Export,131400070,14575899
Montenegro,2010,"Articles of copper, nes",Import,119911,6506
Morocco,2010,"Articles of copper, nes",Import,2929684,122103
Mozambique,2010,"Articles of copper, nes",Import,78353,3739
Mozambique,2010,"Articles of copper, nes",Export,12435,695
Myanmar,2010,"Articles of copper, nes",Import,11971,1097
Nepal,2010,"Articles of copper, nes",Import,46278,41219
Nepal,2010,"Articles of copper, nes",Export,146956,25518
Netherlands,2010,"Articles of copper, nes",Import,50261226,2074105
Netherlands,2010,"Articles of copper, nes",Export,45989940,1638457
New Caledonia,2010,"Articles of copper, nes",Import,139820,9787
New Caledonia,2010,"Articles of copper, nes",Export,363965,124610
New Zealand,2010,"Articles of copper, nes",Import,2284980,107762
New Zealand,2010,"Articles of copper, nes",Export,3490482,156997
Nicaragua,2010,"Articles of copper, nes",Import,60248,8022
Nicaragua,2010,"Articles of copper, nes",Export,125,60
Niger,2010,"Articles of copper, nes",Import,39327,5272
Nigeria,2010,"Articles of copper, nes",Import,2325453,876055
Norway,2010,"Articles of copper, nes",Import,12112162,771027
Norway,2010,"Articles of copper, nes",Export,15585837,1046638
Oman,2010,"Articles of copper, nes",Import,2012748,349212
Oman,2010,"Articles of copper, nes",Export,16655,10002
"Other Asia, nes",2010,"Articles of copper, nes",Import,58167671,4808092
"Other Asia, nes",2010,"Articles of copper, nes",Export,296620281,27915366
Pakistan,2010,"Articles of copper, nes",Import,366335,80510
Pakistan,2010,"Articles of copper, nes",Export,4453954,916591
Panama,2010,"Articles of copper, nes",Import,352299,39362
Panama,2010,"Articles of copper, nes",Export,24068,7775
Paraguay,2010,"Articles of copper, nes",Import,531051,84422
Peru,2010,"Articles of copper, nes",Import,10952432,1268921
Peru,2010,"Articles of copper, nes",Export,581097,72985
Philippines,2010,"Articles of copper, nes",Import,24030710,4103156
Philippines,2010,"Articles of copper, nes",Export,59522,26736
Poland,2010,"Articles of copper, nes",Import,22400124,1089928
Poland,2010,"Articles of copper, nes",Export,9974388,641967
Portugal,2010,"Articles of copper, nes",Import,5652644,438672
Portugal,2010,"Articles of copper, nes",Export,7656131,406965
Qatar,2010,"Articles of copper, nes",Import,4276412,500806
Rep. of Korea,2010,"Articles of copper, nes",Import,59434197,2388849
Rep. of Korea,2010,"Articles of copper, nes",Export,175712837,14360808
Rep. of Moldova,2010,"Articles of copper, nes",Import,36978,2993
Rep. of Moldova,2010,"Articles of copper, nes",Export,635,19
Romania,2010,"Articles of copper, nes",Import,10181668,652709
Romania,2010,"Articles of copper, nes",Export,5225339,384357
Russian Federation,2010,"Articles of copper, nes",Import,35872572,1284082
Russian Federation,2010,"Articles of copper, nes",Export,20718079,1191119
Saint Vincent and the Grenadines,2010,"Articles of copper, nes",Import,44907,3385
Saint Vincent and the Grenadines,2010,"Articles of copper, nes",Export,906,240
Samoa,2010,"Articles of copper, nes",Import,261,18
Sao Tome and Principe,2010,"Articles of copper, nes",Import,4667,1744
Sao Tome and Principe,2010,"Articles of copper, nes",Export,108,1000
Saudi Arabia,2010,"Articles of copper, nes",Import,8850678,1520000
Saudi Arabia,2010,"Articles of copper, nes",Export,223734,55798
Senegal,2010,"Articles of copper, nes",Import,401124,122019
Senegal,2010,"Articles of copper, nes",Export,297,42
Serbia,2010,"Articles of copper, nes",Import,2719408,309673
Serbia,2010,"Articles of copper, nes",Export,1194334,69457
Slovakia,2010,"Articles of copper, nes",Import,42659500,1530683
Slovakia,2010,"Articles of copper, nes",Export,24608304,317738
Slovenia,2010,"Articles of copper, nes",Import,4463427,212905
Slovenia,2010,"Articles of copper, nes",Export,2538966,133766
South Africa,2010,"Articles of copper, nes",Import,3236486,239815
South Africa,2010,"Articles of copper, nes",Export,10723378,709907
Spain,2010,"Articles of copper, nes",Import,25433787,4352418
Spain,2010,"Articles of copper, nes",Export,16194649,2406587
Sri Lanka,2010,"Articles of copper, nes",Import,1448622,165130
Sri Lanka,2010,"Articles of copper, nes",Export,1119963,177904
Suriname,2010,"Articles of copper, nes",Import,157861,21848
Sweden,2010,"Articles of copper, nes",Import,30811904,2928992
Sweden,2010,"Articles of copper, nes",Export,16650309,1297335
Switzerland,2010,"Articles of copper, nes",Import,37700618,1606113
Switzerland,2010,"Articles of copper, nes",Export,81680343,3483115
Syria,2010,"Articles of copper, nes",Import,739283,52007
Syria,2010,"Articles of copper, nes",Export,1856626,1227096
Thailand,2010,"Articles of copper, nes",Import,91476594,6311161
Thailand,2010,"Articles of copper, nes",Export,31251243,1309299
Togo,2010,"Articles of copper, nes",Import,11214,2612
Trinidad and Tobago,2010,"Articles of copper, nes",Import,642943,53195
Trinidad and Tobago,2010,"Articles of copper, nes",Export,2299,116
Tunisia,2010,"Articles of copper, nes",Import,9927625,917031
Tunisia,2010,"Articles of copper, nes",Export,345602,23122
Turkey,2010,"Articles of copper, nes",Import,13506356,557589
Turkey,2010,"Articles of copper, nes",Export,11014110,774019
Uganda,2010,"Articles of copper, nes",Import,61068,25158
Uganda,2010,"Articles of copper, nes",Export,4164,123
Ukraine,2010,"Articles of copper, nes",Import,6662653,679208
Ukraine,2010,"Articles of copper, nes",Export,49663,558
United Kingdom,2010,"Articles of copper, nes",Import,52054212,4362673
United Kingdom,2010,"Articles of copper, nes",Export,75024803,4376348
United Rep. of Tanzania,2010,"Articles of copper, nes",Import,245608,136846
United Rep. of Tanzania,2010,"Articles of copper, nes",Export,70349,52103
USA,2010,"Articles of copper, nes",Import,287529423,16619005
USA,2010,"Articles of copper, nes",Export,196268803,9688466
Venezuela,2010,"Articles of copper, nes",Import,2095325,123363
Venezuela,2010,"Articles of copper, nes",Export,1116,193
Yemen,2010,"Articles of copper, nes",Import,652710,62909
Yemen,2010,"Articles of copper, nes",Export,18037,8645
Zambia,2010,"Articles of copper, nes",Import,467572,39682
Zambia,2010,"Articles of copper, nes",Export,509453,157526
Zimbabwe,2010,"Articles of copper, nes",Import,642922,39216
Zimbabwe,2010,"Articles of copper, nes",Export,214927,7361
Albania,2009,"Articles of copper, nes",Import,325855,21461
Algeria,2009,"Articles of copper, nes",Import,1575531,95851
Algeria,2009,"Articles of copper, nes",Export,483,65
Antigua and Barbuda,2009,"Articles of copper, nes",Export,3748,11502
Antigua and Barbuda,2009,"Articles of copper, nes",Import,65918,11469
Argentina,2009,"Articles of copper, nes",Import,34905242,3050976
Argentina,2009,"Articles of copper, nes",Export,731659,24226
Armenia,2009,"Articles of copper, nes",Import,118453,5205
Armenia,2009,"Articles of copper, nes",Export,4024,11
Aruba,2009,"Articles of copper, nes",Import,47593,5291
Australia,2009,"Articles of copper, nes",Import,26454329,1069759
Austria,2009,"Articles of copper, nes",Import,34520320,1932382
Austria,2009,"Articles of copper, nes",Export,15164676,885381
Azerbaijan,2009,"Articles of copper, nes",Import,94553,22993
Azerbaijan,2009,"Articles of copper, nes",Export,2161,83
Bahamas,2009,"Articles of copper, nes",Import,891944,108766
Bahamas,2009,"Articles of copper, nes",Export,26600,331
Bahrain,2009,"Articles of copper, nes",Import,639523,80665
Bahrain,2009,"Articles of copper, nes",Export,221228,57081
Barbados,2009,"Articles of copper, nes",Import,393351,91606
Barbados,2009,"Articles of copper, nes",Export,652,28
Belarus,2009,"Articles of copper, nes",Import,4443200,394211
Belarus,2009,"Articles of copper, nes",Export,140200,2029
Belgium,2009,"Articles of copper, nes",Import,16736496,1211986
Belgium,2009,"Articles of copper, nes",Export,20291239,15086437
Belize,2009,"Articles of copper, nes",Import,52052,8508
Benin,2009,"Articles of copper, nes",Import,28653,5914
Bhutan,2009,"Articles of copper, nes",Import,101995,9570
Bolivia,2009,"Articles of copper, nes",Import,140913,5446
Bosnia Herzegovina,2009,"Articles of copper, nes",Import,867154,46547
Bosnia Herzegovina,2009,"Articles of copper, nes",Export,118348,11680
Botswana,2009,"Articles of copper, nes",Import,752766,109318
Botswana,2009,"Articles of copper, nes",Export,49729,111402
Brazil,2009,"Articles of copper, nes",Import,12227244,438322
Brazil,2009,"Articles of copper, nes",Export,931631,37668
Bulgaria,2009,"Articles of copper, nes",Import,1640406,85183
Bulgaria,2009,"Articles of copper, nes",Export,169479,9214
Burkina Faso,2009,"Articles of copper, nes",Import,114677,11260
Burkina Faso,2009,"Articles of copper, nes",Export,533,56
Burundi,2009,"Articles of copper, nes",Import,208,246
Cambodia,2009,"Articles of copper, nes",Import,89681,6781
Cameroon,2009,"Articles of copper, nes",Import,170817,34801
Cameroon,2009,"Articles of copper, nes",Export,77914,59
Canada,2009,"Articles of copper, nes",Import,38653163,3659093
Cape Verde,2009,"Articles of copper, nes",Import,69531,6185
Chile,2009,"Articles of copper, nes",Import,6927523,766148
Chile,2009,"Articles of copper, nes",Export,2086541,115901
China,2009,"Articles of copper, nes",Import,347156129,27173247
China,2009,"Articles of copper, nes",Export,141093994,19714408
"China, Hong Kong SAR",2009,"Articles of copper, nes",Import,30638375,1238953
"China, Macao SAR",2009,"Articles of copper, nes",Export,87204,27343
"China, Macao SAR",2009,"Articles of copper, nes",Import,107886,42010
Colombia,2009,"Articles of copper, nes",Import,1477559,80882
Colombia,2009,"Articles of copper, nes",Export,116571,9017
Congo,2009,"Articles of copper, nes",Import,22949,1769
Costa Rica,2009,"Articles of copper, nes",Import,472191,20231
Costa Rica,2009,"Articles of copper, nes",Export,58349,5342
C??te d'Ivoire,2009,"Articles of copper, nes",Import,157168,16941
C??te d'Ivoire,2009,"Articles of copper, nes",Export,91,18
Croatia,2009,"Articles of copper, nes",Import,4486712,147063
Croatia,2009,"Articles of copper, nes",Export,1920465,116498
Cyprus,2009,"Articles of copper, nes",Import,527199,45259
Czech Rep.,2009,"Articles of copper, nes",Import,34511118,5689883
Czech Rep.,2009,"Articles of copper, nes",Export,13010735,1085495
Denmark,2009,"Articles of copper, nes",Import,11711589,1666392
Denmark,2009,"Articles of copper, nes",Export,17757805,2113335
Djibouti,2009,"Articles of copper, nes",Import,24320,7682
Dominica,2009,"Articles of copper, nes",Import,12544,732
Dominica,2009,"Articles of copper, nes",Export,617,870
Dominican Rep.,2009,"Articles of copper, nes",Import,1760822,71204
Dominican Rep.,2009,"Articles of copper, nes",Export,145036,7053
Ecuador,2009,"Articles of copper, nes",Import,803865,48072
Ecuador,2009,"Articles of copper, nes",Export,11737,245
Egypt,2009,"Articles of copper, nes",Import,801197,166307
Egypt,2009,"Articles of copper, nes",Export,10295306,2022518
El Salvador,2009,"Articles of copper, nes",Import,881234,33801
El Salvador,2009,"Articles of copper, nes",Export,102217,844
Estonia,2009,"Articles of copper, nes",Import,3957860,182259
Estonia,2009,"Articles of copper, nes",Export,748572,50540
Ethiopia,2009,"Articles of copper, nes",Import,38759,13919
EU-27,2009,"Articles of copper, nes",Import,190146610,11155268
EU-27,2009,"Articles of copper, nes",Export,282796553,15353259
Faeroe Isds,2009,"Articles of copper, nes",Import,132523,8211
Fiji,2009,"Articles of copper, nes",Import,17259,2350
Fiji,2009,"Articles of copper, nes",Export,82,4841
Finland,2009,"Articles of copper, nes",Import,16045759,1566279
Finland,2009,"Articles of copper, nes",Export,7205207,332490
France,2009,"Articles of copper, nes",Import,62118007,3714648
France,2009,"Articles of copper, nes",Export,130082503,5480983
French Polynesia,2009,"Articles of copper, nes",Import,97278,4371
French Polynesia,2009,"Articles of copper, nes",Export,237,7
Gabon,2009,"Articles of copper, nes",Import,46051,21406
Gambia,2009,"Articles of copper, nes",Import,338,16
Georgia,2009,"Articles of copper, nes",Import,1569426,113284
Georgia,2009,"Articles of copper, nes",Export,5342,133
Germany,2009,"Articles of copper, nes",Import,140033000,8417984
Germany,2009,"Articles of copper, nes",Export,314515000,18054233
Ghana,2009,"Articles of copper, nes",Import,502322,95235
Ghana,2009,"Articles of copper, nes",Export,1044,1359
Greece,2009,"Articles of copper, nes",Import,2937990,187578
Greece,2009,"Articles of copper, nes",Export,819340,41203
Grenada,2009,"Articles of copper, nes",Import,16043,2348
Guatemala,2009,"Articles of copper, nes",Import,186652,41540
Guatemala,2009,"Articles of copper, nes",Export,9938,3446
Guyana,2009,"Articles of copper, nes",Export,525,123
Guyana,2009,"Articles of copper, nes",Import,134227,6171
Honduras,2009,"Articles of copper, nes",Import,130387,3719
Honduras,2009,"Articles of copper, nes",Export,72,79
Hungary,2009,"Articles of copper, nes",Import,16990000,862917
Hungary,2009,"Articles of copper, nes",Export,16291000,822005
Iceland,2009,"Articles of copper, nes",Import,575039,26213
India,2009,"Articles of copper, nes",Import,15326372,1970537
India,2009,"Articles of copper, nes",Export,101418517,18586057
Indonesia,2009,"Articles of copper, nes",Import,4858009,792099
Indonesia,2009,"Articles of copper, nes",Export,71709,80002
Ireland,2009,"Articles of copper, nes",Import,2386785,158256
Ireland,2009,"Articles of copper, nes",Export,1393836,53711
Israel,2009,"Articles of copper, nes",Import,10175000,455058
Italy,2009,"Articles of copper, nes",Import,29212597,2033360
Italy,2009,"Articles of copper, nes",Export,114609302,8577106
Jamaica,2009,"Articles of copper, nes",Import,353703,41646
Japan,2009,"Articles of copper, nes",Import,80983369,3713496
Japan,2009,"Articles of copper, nes",Export,171738398,9961608
Jordan,2009,"Articles of copper, nes",Import,1010808,40875
Malaysia,2009,"Articles of copper, nes",Import,9378171,4372470
Kazakhstan,2009,"Articles of copper, nes",Import,9385326,300951
Kazakhstan,2009,"Articles of copper, nes",Export,84306,11565
Kenya,2009,"Articles of copper, nes",Import,147495,17486
Kenya,2009,"Articles of copper, nes",Export,21048,2816
Kiribati,2009,"Articles of copper, nes",Import,174,5
Kuwait,2009,"Articles of copper, nes",Export,4636,694
Kyrgyzstan,2009,"Articles of copper, nes",Import,29255,2044
Latvia,2009,"Articles of copper, nes",Import,993204,60064
Latvia,2009,"Articles of copper, nes",Export,411654,58278
Lebanon,2009,"Articles of copper, nes",Import,343287,35498
Lebanon,2009,"Articles of copper, nes",Export,134861,12536
Lesotho,2009,"Articles of copper, nes",Import,1160,53
Lesotho,2009,"Articles of copper, nes",Export,193,9
Lithuania,2009,"Articles of copper, nes",Import,2219932,278746
Lithuania,2009,"Articles of copper, nes",Export,510990,33409
Malaysia,2009,"Articles of copper, nes",Export,4205197,1557282
Luxembourg,2009,"Articles of copper, nes",Import,1341610,83597
Luxembourg,2009,"Articles of copper, nes",Export,298983,3384
Madagascar,2009,"Articles of copper, nes",Import,80045,7253
Madagascar,2009,"Articles of copper, nes",Export,422,34
Malawi,2009,"Articles of copper, nes",Import,17827,1526
Maldives,2009,"Articles of copper, nes",Import,169106,6838
Malta,2009,"Articles of copper, nes",Export,7,4
Malta,2009,"Articles of copper, nes",Import,174176,5893
Mauritania,2009,"Articles of copper, nes",Import,572,1350
Mauritius,2009,"Articles of copper, nes",Export,12820,228
Mauritius,2009,"Articles of copper, nes",Import,452493,22438
Mayotte,2009,"Articles of copper, nes",Import,12840,1410
Mexico,2009,"Articles of copper, nes",Import,146365737,8232281
Mexico,2009,"Articles of copper, nes",Export,24386534,1968888
Montenegro,2009,"Articles of copper, nes",Import,262556,15641
Montenegro,2009,"Articles of copper, nes",Export,59,1
Morocco,2009,"Articles of copper, nes",Import,3065198,206723
Morocco,2009,"Articles of copper, nes",Export,1758584,124053
Mozambique,2009,"Articles of copper, nes",Import,42301,1944
Mozambique,2009,"Articles of copper, nes",Export,31,2
Namibia,2009,"Articles of copper, nes",Import,714327,206149
Namibia,2009,"Articles of copper, nes",Export,52869,15018
Nepal,2009,"Articles of copper, nes",Import,3451,140
Nepal,2009,"Articles of copper, nes",Export,47813,7187
Netherlands,2009,"Articles of copper, nes",Import,51262988,2072970
New Caledonia,2009,"Articles of copper, nes",Import,169105,10391
New Caledonia,2009,"Articles of copper, nes",Export,769,66
New Zealand,2009,"Articles of copper, nes",Import,1618481,102117
New Zealand,2009,"Articles of copper, nes",Export,6161385,697066
Nicaragua,2009,"Articles of copper, nes",Import,43000,6121
Nicaragua,2009,"Articles of copper, nes",Export,555,21
Niger,2009,"Articles of copper, nes",Import,21427,2245
Nigeria,2009,"Articles of copper, nes",Import,949955,120253
Norway,2009,"Articles of copper, nes",Import,13038932,867242
Norway,2009,"Articles of copper, nes",Export,19480234,1772641
Occ. Palestinian Terr.,2009,"Articles of copper, nes",Import,7800,315
Oman,2009,"Articles of copper, nes",Import,1055153,159119
"Other Asia, nes",2009,"Articles of copper, nes",Import,37483236,4163496
"Other Asia, nes",2009,"Articles of copper, nes",Export,235663266,27547365
Pakistan,2009,"Articles of copper, nes",Import,266791,52866
Pakistan,2009,"Articles of copper, nes",Export,809665,201554
Panama,2009,"Articles of copper, nes",Import,259293,20298
Panama,2009,"Articles of copper, nes",Export,21483,2425
Paraguay,2009,"Articles of copper, nes",Import,180164,16709
Peru,2009,"Articles of copper, nes",Import,894115,32489
Peru,2009,"Articles of copper, nes",Export,400185,62701
Philippines,2009,"Articles of copper, nes",Import,21790816,3886720
Philippines,2009,"Articles of copper, nes",Export,79764,39546
Poland,2009,"Articles of copper, nes",Import,19773449,892604
Poland,2009,"Articles of copper, nes",Export,10500202,685096
Portugal,2009,"Articles of copper, nes",Import,5117360,389083
Portugal,2009,"Articles of copper, nes",Export,4820584,359465
Qatar,2009,"Articles of copper, nes",Export,4670,8000
Rep. of Korea,2009,"Articles of copper, nes",Import,39128085,2148700
Rep. of Korea,2009,"Articles of copper, nes",Export,158204795,15593114
Rep. of Moldova,2009,"Articles of copper, nes",Import,26422,2109
Rep. of Moldova,2009,"Articles of copper, nes",Export,9550,485
Romania,2009,"Articles of copper, nes",Import,6545828,586754
Romania,2009,"Articles of copper, nes",Export,3924674,286257
Russian Federation,2009,"Articles of copper, nes",Import,26308658,830078
Russian Federation,2009,"Articles of copper, nes",Export,10244776,1165894
Rwanda,2009,"Articles of copper, nes",Import,63546,4648
Saint Vincent and the Grenadines,2009,"Articles of copper, nes",Import,85923,8516
Saint Vincent and the Grenadines,2009,"Articles of copper, nes",Export,370,226
Samoa,2009,"Articles of copper, nes",Import,2414,269
Sao Tome and Principe,2009,"Articles of copper, nes",Import,807,699
Senegal,2009,"Articles of copper, nes",Import,156023,24492
Senegal,2009,"Articles of copper, nes",Export,10610,5000
Serbia,2009,"Articles of copper, nes",Import,3587161,258914
Serbia,2009,"Articles of copper, nes",Export,992259,64278
Singapore,2009,"Articles of copper, nes",Import,33025623,1335488
Slovakia,2009,"Articles of copper, nes",Import,9442801,818153
Slovakia,2009,"Articles of copper, nes",Export,4020823,473640
Slovenia,2009,"Articles of copper, nes",Import,3807014,253882
Slovenia,2009,"Articles of copper, nes",Export,2382413,125627
South Africa,2009,"Articles of copper, nes",Import,2760373,202284
South Africa,2009,"Articles of copper, nes",Export,7756907,728204
Spain,2009,"Articles of copper, nes",Import,29538684,4071481
Spain,2009,"Articles of copper, nes",Export,10273740,627159
Sri Lanka,2009,"Articles of copper, nes",Import,559250,59876
Sri Lanka,2009,"Articles of copper, nes",Export,2963206,406071
Sudan,2009,"Articles of copper, nes",Import,2794004,296410
Suriname,2009,"Articles of copper, nes",Import,122417,17274
Sweden,2009,"Articles of copper, nes",Import,30868623,2904879
Sweden,2009,"Articles of copper, nes",Export,10413054,1008582
Switzerland,2009,"Articles of copper, nes",Import,31604359,1386091
Switzerland,2009,"Articles of copper, nes",Export,70135008,2313711
Syria,2009,"Articles of copper, nes",Import,299238,47291
Syria,2009,"Articles of copper, nes",Export,903102,661358
TFYR of Macedonia,2009,"Articles of copper, nes",Import,716846,140294
TFYR of Macedonia,2009,"Articles of copper, nes",Export,308,243
Thailand,2009,"Articles of copper, nes",Import,53384826,3084970
Thailand,2009,"Articles of copper, nes",Export,23639503,1682417
Togo,2009,"Articles of copper, nes",Import,9959,4865
Togo,2009,"Articles of copper, nes",Export,41158,400000
Trinidad and Tobago,2009,"Articles of copper, nes",Import,700556,101294
Trinidad and Tobago,2009,"Articles of copper, nes",Export,22274,9577
Tunisia,2009,"Articles of copper, nes",Import,4710093,464318
Tunisia,2009,"Articles of copper, nes",Export,370574,31415
Turkey,2009,"Articles of copper, nes",Import,9772545,378841
Turkey,2009,"Articles of copper, nes",Export,9079495,726697
Uganda,2009,"Articles of copper, nes",Import,63990,22307
Ukraine,2009,"Articles of copper, nes",Import,19418740,1745310
Ukraine,2009,"Articles of copper, nes",Export,106834,529
United Kingdom,2009,"Articles of copper, nes",Import,48098748,4782426
United Kingdom,2009,"Articles of copper, nes",Export,59621739,3945987
United Rep. of Tanzania,2009,"Articles of copper, nes",Import,407749,234863
United Rep. of Tanzania,2009,"Articles of copper, nes",Export,3307,6638
Uruguay,2009,"Articles of copper, nes",Export,2912,302
Uruguay,2009,"Articles of copper, nes",Import,248628,19367
USA,2009,"Articles of copper, nes",Import,219982895,14156250
USA,2009,"Articles of copper, nes",Export,156616161,8354488
Venezuela,2009,"Articles of copper, nes",Import,5382663,261749
Venezuela,2009,"Articles of copper, nes",Export,4406,380
Viet Nam,2009,"Articles of copper, nes",Import,34645075,1400976
Yemen,2009,"Articles of copper, nes",Import,421342,67369
Yemen,2009,"Articles of copper, nes",Export,23606,8500
Zambia,2009,"Articles of copper, nes",Import,225620,46377
Zambia,2009,"Articles of copper, nes",Export,648,29
Zimbabwe,2009,"Articles of copper, nes",Import,37276,5344
Zimbabwe,2009,"Articles of copper, nes",Export,17184,5614
Albania,2008,"Articles of copper, nes",Import,366731,22871
Algeria,2008,"Articles of copper, nes",Import,1440942,143135
Algeria,2008,"Articles of copper, nes",Export,10256,708
Argentina,2008,"Articles of copper, nes",Import,14860839,1203689
Argentina,2008,"Articles of copper, nes",Export,775104,31557
Armenia,2008,"Articles of copper, nes",Import,560921,17292
Armenia,2008,"Articles of copper, nes",Export,7682,57
Austria,2008,"Articles of copper, nes",Import,60191605,2765055
Austria,2008,"Articles of copper, nes",Export,28650516,1132431
Azerbaijan,2008,"Articles of copper, nes",Import,170735,24711
Azerbaijan,2008,"Articles of copper, nes",Export,2685,100
Bahamas,2008,"Articles of copper, nes",Import,1087545,115360
Bahamas,2008,"Articles of copper, nes",Export,12525,10573
Bahrain,2008,"Articles of copper, nes",Import,1576516,155791
Bahrain,2008,"Articles of copper, nes",Export,227069,11976
Barbados,2008,"Articles of copper, nes",Import,493071,51132
Barbados,2008,"Articles of copper, nes",Export,1723,24
Belarus,2008,"Articles of copper, nes",Import,8809300,624838
Belarus,2008,"Articles of copper, nes",Export,296900,11380
Belgium,2008,"Articles of copper, nes",Import,34265191,2784943
Belgium,2008,"Articles of copper, nes",Export,28038100,2262759
Belize,2008,"Articles of copper, nes",Import,84244,30342
Benin,2008,"Articles of copper, nes",Import,17645,4662
Bhutan,2008,"Articles of copper, nes",Import,426096,55471
Bolivia,2008,"Articles of copper, nes",Import,121882,10303
Bolivia,2008,"Articles of copper, nes",Export,335,26
Bosnia Herzegovina,2008,"Articles of copper, nes",Import,2567751,129818
Bosnia Herzegovina,2008,"Articles of copper, nes",Export,255038,19861
Botswana,2008,"Articles of copper, nes",Import,1826104,119862
Botswana,2008,"Articles of copper, nes",Export,10854,1749
Finland,2008,"Articles of copper, nes",Import,23109410,1496371
Brazil,2008,"Articles of copper, nes",Import,11193864,344279
Brazil,2008,"Articles of copper, nes",Export,1264305,89389
Finland,2008,"Articles of copper, nes",Export,14769171,878938
Bulgaria,2008,"Articles of copper, nes",Import,2178609,115813
Bulgaria,2008,"Articles of copper, nes",Export,1826913,489990
Burkina Faso,2008,"Articles of copper, nes",Import,165236,16288
Burkina Faso,2008,"Articles of copper, nes",Export,404,13
Burundi,2008,"Articles of copper, nes",Import,1911,47
Cambodia,2008,"Articles of copper, nes",Import,73381,45041
Cambodia,2008,"Articles of copper, nes",Export,1223,12
Cameroon,2008,"Articles of copper, nes",Import,73020,13886
Cameroon,2008,"Articles of copper, nes",Export,604,2
Canada,2008,"Articles of copper, nes",Import,53976067,5569782
Cape Verde,2008,"Articles of copper, nes",Import,74526,6796
Chile,2008,"Articles of copper, nes",Import,6231011,849372
Chile,2008,"Articles of copper, nes",Export,2190622,145438
China,2008,"Articles of copper, nes",Import,418209850,25989769
China,2008,"Articles of copper, nes",Export,207421737,21277781
"China, Macao SAR",2008,"Articles of copper, nes",Import,356824,125574
"China, Macao SAR",2008,"Articles of copper, nes",Export,15830,6294
Colombia,2008,"Articles of copper, nes",Import,8137050,629598
Colombia,2008,"Articles of copper, nes",Export,110330,6796
Congo,2008,"Articles of copper, nes",Import,4247,441
Costa Rica,2008,"Articles of copper, nes",Import,707915,59691
Costa Rica,2008,"Articles of copper, nes",Export,2465,624
C??te d'Ivoire,2008,"Articles of copper, nes",Import,401745,93280
C??te d'Ivoire,2008,"Articles of copper, nes",Export,22,25
Croatia,2008,"Articles of copper, nes",Import,5074350,184999
Croatia,2008,"Articles of copper, nes",Export,3875441,195241
Cyprus,2008,"Articles of copper, nes",Import,665733,58483
Cyprus,2008,"Articles of copper, nes",Export,169,20
Czech Rep.,2008,"Articles of copper, nes",Import,62405110,6022245
Czech Rep.,2008,"Articles of copper, nes",Export,27691911,6148151
Denmark,2008,"Articles of copper, nes",Import,13924555,898926
Denmark,2008,"Articles of copper, nes",Export,21881936,2258919
Dominica,2008,"Articles of copper, nes",Import,22938,2163
Dominica,2008,"Articles of copper, nes",Export,37889,16130
Dominican Rep.,2008,"Articles of copper, nes",Export,22791,3287
Ecuador,2008,"Articles of copper, nes",Import,653563,38426
Ecuador,2008,"Articles of copper, nes",Export,7494,316
Egypt,2008,"Articles of copper, nes",Import,997479,212388
Egypt,2008,"Articles of copper, nes",Export,3865433,955169
El Salvador,2008,"Articles of copper, nes",Import,2546124,57124
El Salvador,2008,"Articles of copper, nes",Export,637169,4572
Estonia,2008,"Articles of copper, nes",Import,3637577,119548
Estonia,2008,"Articles of copper, nes",Export,846052,69833
Ethiopia,2008,"Articles of copper, nes",Import,75466,9933
Ethiopia,2008,"Articles of copper, nes",Export,441,137
EU-27,2008,"Articles of copper, nes",Import,297193144,15763971
EU-27,2008,"Articles of copper, nes",Export,432287878,21063394
Faeroe Isds,2008,"Articles of copper, nes",Import,18631,1127
Fiji,2008,"Articles of copper, nes",Import,19719,2768
Fiji,2008,"Articles of copper, nes",Export,146,40
France,2008,"Articles of copper, nes",Import,90849506,5089742
France,2008,"Articles of copper, nes",Export,230044378,13128431
French Polynesia,2008,"Articles of copper, nes",Import,82985,3131
French Polynesia,2008,"Articles of copper, nes",Export,4023,67
Gabon,2008,"Articles of copper, nes",Import,43188,1726
Gambia,2008,"Articles of copper, nes",Import,362,6000
Georgia,2008,"Articles of copper, nes",Import,830009,42051
Georgia,2008,"Articles of copper, nes",Export,1040,109
Germany,2008,"Articles of copper, nes",Import,226540000,11704140
Germany,2008,"Articles of copper, nes",Export,526498000,26479471
Ghana,2008,"Articles of copper, nes",Import,744484,602230
Greece,2008,"Articles of copper, nes",Import,4758233,391394
Greece,2008,"Articles of copper, nes",Export,1175012,73797
Grenada,2008,"Articles of copper, nes",Import,20559,2373
Grenada,2008,"Articles of copper, nes",Export,370,503
Guatemala,2008,"Articles of copper, nes",Import,362639,90016
Guatemala,2008,"Articles of copper, nes",Export,30036,24059
Guinea,2008,"Articles of copper, nes",Import,24000,2122
Guyana,2008,"Articles of copper, nes",Import,17454,3194
Guyana,2008,"Articles of copper, nes",Export,54,20
Hungary,2008,"Articles of copper, nes",Import,26195000,952209
Hungary,2008,"Articles of copper, nes",Export,19601000,1020321
Iceland,2008,"Articles of copper, nes",Import,945517,32700
India,2008,"Articles of copper, nes",Import,27587633,4606493
India,2008,"Articles of copper, nes",Export,128774239,19121330
Indonesia,2008,"Articles of copper, nes",Import,3886189,748450
Indonesia,2008,"Articles of copper, nes",Export,122042,21783
Ireland,2008,"Articles of copper, nes",Import,5386711,186390
Ireland,2008,"Articles of copper, nes",Export,1105356,27452
Italy,2008,"Articles of copper, nes",Import,48672876,2910845
Italy,2008,"Articles of copper, nes",Export,164848855,10522616
Jamaica,2008,"Articles of copper, nes",Import,500585,40823
Jamaica,2008,"Articles of copper, nes",Export,15,6
Japan,2008,"Articles of copper, nes",Import,91877559,3958633
Japan,2008,"Articles of copper, nes",Export,175516645,5788345
Jordan,2008,"Articles of copper, nes",Import,570321,77020
Jordan,2008,"Articles of copper, nes",Export,277194,29789
Kazakhstan,2008,"Articles of copper, nes",Import,7493312,210764
Kazakhstan,2008,"Articles of copper, nes",Export,641509,5417
Kenya,2008,"Articles of copper, nes",Import,69869,13050
Kenya,2008,"Articles of copper, nes",Export,31622,6577
Kuwait,2008,"Articles of copper, nes",Import,1301923,159567
Kuwait,2008,"Articles of copper, nes",Export,5406,1100
Kyrgyzstan,2008,"Articles of copper, nes",Import,56075,3127
Kyrgyzstan,2008,"Articles of copper, nes",Export,792,4800
Latvia,2008,"Articles of copper, nes",Import,1588427,102723
Latvia,2008,"Articles of copper, nes",Export,463345,25961
Lebanon,2008,"Articles of copper, nes",Import,250933,20081
Lebanon,2008,"Articles of copper, nes",Export,241588,21211
Lesotho,2008,"Articles of copper, nes",Import,821,42
Lithuania,2008,"Articles of copper, nes",Import,1623125,63709
Lithuania,2008,"Articles of copper, nes",Export,1598690,14225
Luxembourg,2008,"Articles of copper, nes",Import,1778083,83709
Luxembourg,2008,"Articles of copper, nes",Export,426774,5416
Madagascar,2008,"Articles of copper, nes",Import,337680,72949
Madagascar,2008,"Articles of copper, nes",Export,2255,93
Malawi,2008,"Articles of copper, nes",Import,110985,8901
Malaysia,2008,"Articles of copper, nes",Import,12072432,1670133
Malaysia,2008,"Articles of copper, nes",Export,4840770,1352491
Mali,2008,"Articles of copper, nes",Import,57331,11016
Malta,2008,"Articles of copper, nes",Import,209806,17702
Malta,2008,"Articles of copper, nes",Export,75518,237
Mauritania,2008,"Articles of copper, nes",Import,6955,75
Mauritius,2008,"Articles of copper, nes",Import,533138,21932
Mauritius,2008,"Articles of copper, nes",Export,143353,4291
Mayotte,2008,"Articles of copper, nes",Import,15813,1978
Mexico,2008,"Articles of copper, nes",Import,215698366,18997702
Mexico,2008,"Articles of copper, nes",Export,18893363,2849822
Montenegro,2008,"Articles of copper, nes",Import,342139,13880
Montenegro,2008,"Articles of copper, nes",Export,1698,531
Montserrat,2008,"Articles of copper, nes",Import,6084,578
Morocco,2008,"Articles of copper, nes",Import,3634255,227151
Morocco,2008,"Articles of copper, nes",Export,5825594,322956
Mozambique,2008,"Articles of copper, nes",Import,172869,8765
Namibia,2008,"Articles of copper, nes",Import,557872,121039
Namibia,2008,"Articles of copper, nes",Export,9770,6400
Neth. Antilles,2008,"Articles of copper, nes",Import,105910,9881
Neth. Antilles,2008,"Articles of copper, nes",Export,712588,205950
Netherlands,2008,"Articles of copper, nes",Import,76880645,4037291
Netherlands,2008,"Articles of copper, nes",Export,66980104,2647090
New Caledonia,2008,"Articles of copper, nes",Import,146587,9157
New Caledonia,2008,"Articles of copper, nes",Export,1811,82
New Zealand,2008,"Articles of copper, nes",Import,3175506,187281
New Zealand,2008,"Articles of copper, nes",Export,7580616,632463
Nicaragua,2008,"Articles of copper, nes",Import,87036,11067
Niger,2008,"Articles of copper, nes",Import,102488,22110
Niger,2008,"Articles of copper, nes",Export,21758,2376
Nigeria,2008,"Articles of copper, nes",Import,898247,45545
Nigeria,2008,"Articles of copper, nes",Export,51171,3072
Norway,2008,"Articles of copper, nes",Import,17117009,982450
Norway,2008,"Articles of copper, nes",Export,46013933,3803120
Uruguay,2008,"Articles of copper, nes",Export,592,89
Oman,2008,"Articles of copper, nes",Import,6960753,720762
Oman,2008,"Articles of copper, nes",Export,624,142
"Other Asia, nes",2008,"Articles of copper, nes",Import,59844324,5400153
"Other Asia, nes",2008,"Articles of copper, nes",Export,346589890,31934921
Pakistan,2008,"Articles of copper, nes",Import,308917,59475
Pakistan,2008,"Articles of copper, nes",Export,1480745,310863
Panama,2008,"Articles of copper, nes",Import,287331,41247
Panama,2008,"Articles of copper, nes",Export,36107,3280
Paraguay,2008,"Articles of copper, nes",Import,143297,12903
Paraguay,2008,"Articles of copper, nes",Export,245,27
Peru,2008,"Articles of copper, nes",Import,15050578,1452824
Peru,2008,"Articles of copper, nes",Export,286686,37201
Philippines,2008,"Articles of copper, nes",Import,6809546,1200609
Philippines,2008,"Articles of copper, nes",Export,74844,12283
Poland,2008,"Articles of copper, nes",Import,28982176,1301447
Poland,2008,"Articles of copper, nes",Export,10987911,623895
Portugal,2008,"Articles of copper, nes",Import,7873535,884326
Portugal,2008,"Articles of copper, nes",Export,7022301,449851
Qatar,2008,"Articles of copper, nes",Import,5666911,2731725
Qatar,2008,"Articles of copper, nes",Export,3551,346
Rep. of Korea,2008,"Articles of copper, nes",Import,57836372,2809409
Rep. of Korea,2008,"Articles of copper, nes",Export,204993111,14831852
Rep. of Moldova,2008,"Articles of copper, nes",Import,192308,9697
Rep. of Moldova,2008,"Articles of copper, nes",Export,26093,779
Romania,2008,"Articles of copper, nes",Import,9654106,516061
Romania,2008,"Articles of copper, nes",Export,6101968,353211
Russian Federation,2008,"Articles of copper, nes",Import,35861692,1272108
Russian Federation,2008,"Articles of copper, nes",Export,8304926,413684
Rwanda,2008,"Articles of copper, nes",Import,17239,1392
Saint Kitts and Nevis,2008,"Articles of copper, nes",Import,11276,955
Saint Lucia,2008,"Articles of copper, nes",Import,25218,2154
Saint Lucia,2008,"Articles of copper, nes",Export,119,1
Saint Vincent and the Grenadines,2008,"Articles of copper, nes",Import,132366,6780
Sao Tome and Principe,2008,"Articles of copper, nes",Import,2488,1017
Sao Tome and Principe,2008,"Articles of copper, nes",Export,34,200
Senegal,2008,"Articles of copper, nes",Import,129441,15365
Senegal,2008,"Articles of copper, nes",Export,1894,132
Serbia,2008,"Articles of copper, nes",Import,4880493,327116
Serbia,2008,"Articles of copper, nes",Export,1513907,58544
Seychelles,2008,"Articles of copper, nes",Import,117485,132844
Slovakia,2008,"Articles of copper, nes",Import,24822165,1784355
Slovakia,2008,"Articles of copper, nes",Export,11997404,551970
Slovenia,2008,"Articles of copper, nes",Import,6732192,368970
Slovenia,2008,"Articles of copper, nes",Export,4303766,241401
South Africa,2008,"Articles of copper, nes",Import,3096855,254798
South Africa,2008,"Articles of copper, nes",Export,6803366,636854
Spain,2008,"Articles of copper, nes",Import,71345045,4613450
Spain,2008,"Articles of copper, nes",Export,18018937,1468673
Sri Lanka,2008,"Articles of copper, nes",Import,980129,88660
Sri Lanka,2008,"Articles of copper, nes",Export,33012,4107
Sudan,2008,"Articles of copper, nes",Import,2385759,382051
Sweden,2008,"Articles of copper, nes",Import,44141761,3078253
Sweden,2008,"Articles of copper, nes",Export,12244738,671334
Switzerland,2008,"Articles of copper, nes",Import,51685033,2106993
Switzerland,2008,"Articles of copper, nes",Export,96346841,2988851
Syria,2008,"Articles of copper, nes",Import,579295,192091
Syria,2008,"Articles of copper, nes",Export,2435956,338688
TFYR of Macedonia,2008,"Articles of copper, nes",Import,3409516,251183
Thailand,2008,"Articles of copper, nes",Import,69497169,3451745
Thailand,2008,"Articles of copper, nes",Export,10503341,1240033
Togo,2008,"Articles of copper, nes",Import,253,6
Togo,2008,"Articles of copper, nes",Export,96782,402000
Tonga,2008,"Articles of copper, nes",Import,462,3
Trinidad and Tobago,2008,"Articles of copper, nes",Import,1104726,117237
Trinidad and Tobago,2008,"Articles of copper, nes",Export,27162,883
Barbados,2007,"Articles of copper, nes",Export,3099,391
Tunisia,2008,"Articles of copper, nes",Import,4859546,412145
Tunisia,2008,"Articles of copper, nes",Export,1112409,93452
Turkey,2008,"Articles of copper, nes",Import,11804926,551116
Turkey,2008,"Articles of copper, nes",Export,9318630,865272
Uganda,2008,"Articles of copper, nes",Import,241759,88959
Uganda,2008,"Articles of copper, nes",Export,537,473
Ukraine,2008,"Articles of copper, nes",Import,18624141,1519552
Ukraine,2008,"Articles of copper, nes",Export,643610,44557
United Arab Emirates,2008,"Articles of copper, nes",Import,15314034,3659087
United Arab Emirates,2008,"Articles of copper, nes",Export,3094985,660478
United Kingdom,2008,"Articles of copper, nes",Import,51858737,3368319
United Kingdom,2008,"Articles of copper, nes",Export,82915458,4084001
United Rep. of Tanzania,2008,"Articles of copper, nes",Import,366922,272125
Uruguay,2008,"Articles of copper, nes",Import,284892,24858
USA,2008,"Articles of copper, nes",Import,390449889,23271872
USA,2008,"Articles of copper, nes",Export,191441166,10430302
Venezuela,2008,"Articles of copper, nes",Import,2131748,94845
Venezuela,2008,"Articles of copper, nes",Export,5829,360
Yemen,2008,"Articles of copper, nes",Import,200037,40109
Zambia,2008,"Articles of copper, nes",Import,585236,76507
Zambia,2008,"Articles of copper, nes",Export,379,150
Zimbabwe,2008,"Articles of copper, nes",Import,35451,11417
Zimbabwe,2008,"Articles of copper, nes",Export,166959,346072
Albania,2007,"Articles of copper, nes",Import,148869,15570
Algeria,2007,"Articles of copper, nes",Import,1118319,70509
Algeria,2007,"Articles of copper, nes",Export,11095,534
Antigua and Barbuda,2007,"Articles of copper, nes",Import,51331,12465
Antigua and Barbuda,2007,"Articles of copper, nes",Export,627,63
Argentina,2007,"Articles of copper, nes",Import,12595103,1590055
Argentina,2007,"Articles of copper, nes",Export,827661,45492
Armenia,2007,"Articles of copper, nes",Import,97772,3169
Armenia,2007,"Articles of copper, nes",Export,17817,214
Australia,2007,"Articles of copper, nes",Import,29057302,893227
Australia,2007,"Articles of copper, nes",Export,1585444,53592
Austria,2007,"Articles of copper, nes",Import,77626934,3474214
Austria,2007,"Articles of copper, nes",Export,42019092,964828
Azerbaijan,2007,"Articles of copper, nes",Import,56169,3961
Azerbaijan,2007,"Articles of copper, nes",Export,5704,426
Bahamas,2007,"Articles of copper, nes",Import,1136505,134120
Bahamas,2007,"Articles of copper, nes",Export,18795,3736
Bahrain,2007,"Articles of copper, nes",Import,819347,72696
Bahrain,2007,"Articles of copper, nes",Export,258941,23565
Bangladesh,2007,"Articles of copper, nes",Import,63210,6139
Bangladesh,2007,"Articles of copper, nes",Export,143886,63864
Barbados,2007,"Articles of copper, nes",Import,922587,91063
Belarus,2007,"Articles of copper, nes",Import,7228300,538371
Belarus,2007,"Articles of copper, nes",Export,164800,2479
Belgium,2007,"Articles of copper, nes",Import,36328384,3496962
Belgium,2007,"Articles of copper, nes",Export,28522069,2791722
Belize,2007,"Articles of copper, nes",Import,55378,11150
Benin,2007,"Articles of copper, nes",Import,24549,4798
Benin,2007,"Articles of copper, nes",Export,81,4
Bhutan,2007,"Articles of copper, nes",Import,74647,9515
Bhutan,2007,"Articles of copper, nes",Export,2645,12
Bolivia,2007,"Articles of copper, nes",Import,101736,5120
Bolivia,2007,"Articles of copper, nes",Export,271,70
Bosnia Herzegovina,2007,"Articles of copper, nes",Import,1674481,104965
Bosnia Herzegovina,2007,"Articles of copper, nes",Export,159166,13882
Guatemala,2007,"Articles of copper, nes",Export,50577,41125
Botswana,2007,"Articles of copper, nes",Import,4372706,99544
Botswana,2007,"Articles of copper, nes",Export,2750,691
Brazil,2007,"Articles of copper, nes",Import,8128543,268837
Brazil,2007,"Articles of copper, nes",Export,1430706,178551
Bulgaria,2007,"Articles of copper, nes",Import,1444092,98299
Bulgaria,2007,"Articles of copper, nes",Export,647250,62221
Burkina Faso,2007,"Articles of copper, nes",Import,208664,17811
Burundi,2007,"Articles of copper, nes",Import,257,6
Cambodia,2007,"Articles of copper, nes",Import,11022,1155
Cameroon,2007,"Articles of copper, nes",Import,54261,11618
Canada,2007,"Articles of copper, nes",Import,52551923,5365684
Canada,2007,"Articles of copper, nes",Export,21024196,709070
Cape Verde,2007,"Articles of copper, nes",Import,74759,8991
Cape Verde,2007,"Articles of copper, nes",Export,14869,4083
Chile,2007,"Articles of copper, nes",Import,4203328,630314
Chile,2007,"Articles of copper, nes",Export,7473724,621243
China,2007,"Articles of copper, nes",Import,320654913,18181269
China,2007,"Articles of copper, nes",Export,240056894,28587698
"China, Hong Kong SAR",2007,"Articles of copper, nes",Import,24201998,743974
"China, Hong Kong SAR",2007,"Articles of copper, nes",Export,45019503,1518344
"China, Macao SAR",2007,"Articles of copper, nes",Import,304725,87688
"China, Macao SAR",2007,"Articles of copper, nes",Export,23355,9137
Colombia,2007,"Articles of copper, nes",Import,3403561,323747
Colombia,2007,"Articles of copper, nes",Export,183328,17702
Congo,2007,"Articles of copper, nes",Import,3877,3231
Costa Rica,2007,"Articles of copper, nes",Import,501072,52883
Costa Rica,2007,"Articles of copper, nes",Export,9406,2478
C??te d'Ivoire,2007,"Articles of copper, nes",Import,98122,12433
C??te d'Ivoire,2007,"Articles of copper, nes",Export,58509,4255
Croatia,2007,"Articles of copper, nes",Import,5248556,200387
Croatia,2007,"Articles of copper, nes",Export,3632100,213682
Cyprus,2007,"Articles of copper, nes",Import,579537,43846
Cyprus,2007,"Articles of copper, nes",Export,2437,380
Czech Rep.,2007,"Articles of copper, nes",Import,50986623,6686883
Czech Rep.,2007,"Articles of copper, nes",Export,76070929,7499712
Denmark,2007,"Articles of copper, nes",Import,57524471,2770395
Denmark,2007,"Articles of copper, nes",Export,16508520,2101099
Dominica,2007,"Articles of copper, nes",Import,6983,497
Dominica,2007,"Articles of copper, nes",Export,97,115
Dominican Rep.,2007,"Articles of copper, nes",Import,2161189,66435
Dominican Rep.,2007,"Articles of copper, nes",Export,50105,18137
Ecuador,2007,"Articles of copper, nes",Import,448169,36714
Ecuador,2007,"Articles of copper, nes",Export,2031,181
Egypt,2007,"Articles of copper, nes",Import,311728,53418
Egypt,2007,"Articles of copper, nes",Export,1218180,255444
El Salvador,2007,"Articles of copper, nes",Import,4284182,63830
El Salvador,2007,"Articles of copper, nes",Export,1682458,12388
Estonia,2007,"Articles of copper, nes",Import,3274778,111403
Estonia,2007,"Articles of copper, nes",Export,675412,70857
Ethiopia,2007,"Articles of copper, nes",Import,42359,6487
EU-27,2007,"Articles of copper, nes",Import,277126294,16828561
EU-27,2007,"Articles of copper, nes",Export,436676843,27446658
Faeroe Isds,2007,"Articles of copper, nes",Import,11196,568
Fiji,2007,"Articles of copper, nes",Import,21480,3442
Fiji,2007,"Articles of copper, nes",Export,5546,4894
Finland,2007,"Articles of copper, nes",Import,24454591,1830729
Finland,2007,"Articles of copper, nes",Export,35805514,2729528
France,2007,"Articles of copper, nes",Import,87849849,6274794
France,2007,"Articles of copper, nes",Export,182535400,10412053
French Polynesia,2007,"Articles of copper, nes",Import,76507,4393
French Polynesia,2007,"Articles of copper, nes",Export,30,2
Gabon,2007,"Articles of copper, nes",Import,27267,1749
Gabon,2007,"Articles of copper, nes",Export,208,2400
Georgia,2007,"Articles of copper, nes",Import,536141,21032
Georgia,2007,"Articles of copper, nes",Export,2829,86
Germany,2007,"Articles of copper, nes",Import,202108000,11546185
Germany,2007,"Articles of copper, nes",Export,477376000,27664612
Ghana,2007,"Articles of copper, nes",Import,139482,24123
Ghana,2007,"Articles of copper, nes",Export,622,883
Greece,2007,"Articles of copper, nes",Import,6814707,5598866
Greece,2007,"Articles of copper, nes",Export,1491578,101853
Greenland,2007,"Articles of copper, nes",Import,11322,262
Greenland,2007,"Articles of copper, nes",Export,11358,928
Grenada,2007,"Articles of copper, nes",Import,63040,5333
Grenada,2007,"Articles of copper, nes",Export,3611,1921
Guatemala,2007,"Articles of copper, nes",Import,275038,44291
Guinea,2007,"Articles of copper, nes",Import,8065,8211
Guyana,2007,"Articles of copper, nes",Import,6958,1359
Guyana,2007,"Articles of copper, nes",Export,23,14000
Honduras,2007,"Articles of copper, nes",Import,92618,15901
Honduras,2007,"Articles of copper, nes",Export,48703,10850
Hungary,2007,"Articles of copper, nes",Import,33427000,846883
Hungary,2007,"Articles of copper, nes",Export,18181000,1268470
Iceland,2007,"Articles of copper, nes",Import,1204582,46107
Iceland,2007,"Articles of copper, nes",Export,374089,14400
India,2007,"Articles of copper, nes",Import,18204990,1710908
India,2007,"Articles of copper, nes",Export,134796763,20432649
Indonesia,2007,"Articles of copper, nes",Import,515385,83894
Indonesia,2007,"Articles of copper, nes",Export,1840,924
Ireland,2007,"Articles of copper, nes",Import,9024280,300101
Ireland,2007,"Articles of copper, nes",Export,1230031,35577
Israel,2007,"Articles of copper, nes",Import,15859000,502746
Israel,2007,"Articles of copper, nes",Export,954000,32175
Italy,2007,"Articles of copper, nes",Import,47022572,3177992
Italy,2007,"Articles of copper, nes",Export,175680243,12627205
Jamaica,2007,"Articles of copper, nes",Import,503253,54540
Japan,2007,"Articles of copper, nes",Import,88810835,4384685
Japan,2007,"Articles of copper, nes",Export,164728815,6409105
Jordan,2007,"Articles of copper, nes",Import,512492,54813
Jordan,2007,"Articles of copper, nes",Export,40590,7130
Kazakhstan,2007,"Articles of copper, nes",Import,3602526,146227
Kazakhstan,2007,"Articles of copper, nes",Export,98412,2222
Kenya,2007,"Articles of copper, nes",Import,108213,24589
Kenya,2007,"Articles of copper, nes",Export,9456,1313
Kuwait,2007,"Articles of copper, nes",Import,1172258,154355
Kuwait,2007,"Articles of copper, nes",Export,4178,1283
Kyrgyzstan,2007,"Articles of copper, nes",Import,61145,3739
Latvia,2007,"Articles of copper, nes",Import,2541909,316229
Latvia,2007,"Articles of copper, nes",Export,455437,19360
Lebanon,2007,"Articles of copper, nes",Import,345821,49639
Lebanon,2007,"Articles of copper, nes",Export,334536,22076
Lithuania,2007,"Articles of copper, nes",Import,1664814,76546
Lithuania,2007,"Articles of copper, nes",Export,1875773,21483
Luxembourg,2007,"Articles of copper, nes",Import,3041415,106843
Luxembourg,2007,"Articles of copper, nes",Export,748537,16699
Madagascar,2007,"Articles of copper, nes",Import,188370,18529
Madagascar,2007,"Articles of copper, nes",Export,6342,138
Malawi,2007,"Articles of copper, nes",Import,17473,2805
Malaysia,2007,"Articles of copper, nes",Import,7518821,1416900
Malaysia,2007,"Articles of copper, nes",Export,6342685,1668570
Maldives,2007,"Articles of copper, nes",Import,225844,14997
Mali,2007,"Articles of copper, nes",Import,50207,7504
Malta,2007,"Articles of copper, nes",Import,836716,37208
Malta,2007,"Articles of copper, nes",Export,46262,22005
Mauritania,2007,"Articles of copper, nes",Import,22512,7826
Mauritius,2007,"Articles of copper, nes",Import,694265,28452
Mauritius,2007,"Articles of copper, nes",Export,61134,3281
Mayotte,2007,"Articles of copper, nes",Import,35172,1229
Mexico,2007,"Articles of copper, nes",Import,251669954,20436610
Mexico,2007,"Articles of copper, nes",Export,18603910,1645956
Mongolia,2007,"Articles of copper, nes",Import,54134,2043
Montenegro,2007,"Articles of copper, nes",Import,464152,18857
Montenegro,2007,"Articles of copper, nes",Export,1608,911
Montserrat,2007,"Articles of copper, nes",Import,587,62
Morocco,2007,"Articles of copper, nes",Import,5034985,283267
Morocco,2007,"Articles of copper, nes",Export,4721900,417393
Mozambique,2007,"Articles of copper, nes",Import,54708,3633
Namibia,2007,"Articles of copper, nes",Import,238100,59419
Namibia,2007,"Articles of copper, nes",Export,6965,2194
Neth. Antilles,2007,"Articles of copper, nes",Import,64728,16473
Neth. Antilles,2007,"Articles of copper, nes",Export,1327436,620460
Netherlands,2007,"Articles of copper, nes",Import,71857057,3971718
Netherlands,2007,"Articles of copper, nes",Export,70627729,3383027
New Caledonia,2007,"Articles of copper, nes",Import,158879,13297
New Caledonia,2007,"Articles of copper, nes",Export,17928,13699
New Zealand,2007,"Articles of copper, nes",Export,4505697,224689
New Zealand,2007,"Articles of copper, nes",Import,3119185,230397
Nicaragua,2007,"Articles of copper, nes",Import,99646,14774
Nicaragua,2007,"Articles of copper, nes",Export,807,2545
Niger,2007,"Articles of copper, nes",Import,27119,47731
Nigeria,2007,"Articles of copper, nes",Import,373687,24815
Norway,2007,"Articles of copper, nes",Import,16224451,888984
Norway,2007,"Articles of copper, nes",Export,48010847,4400920
Occ. Palestinian Terr.,2007,"Articles of copper, nes",Import,44670,1373
Oman,2007,"Articles of copper, nes",Import,1530328,124871
"Other Asia, nes",2007,"Articles of copper, nes",Import,57152560,5797383
"Other Asia, nes",2007,"Articles of copper, nes",Export,372728066,38247012
Pakistan,2007,"Articles of copper, nes",Import,122975,27091
Pakistan,2007,"Articles of copper, nes",Export,6549456,1404983
Panama,2007,"Articles of copper, nes",Export,17953,839
Panama,2007,"Articles of copper, nes",Import,245779,28084
Paraguay,2007,"Articles of copper, nes",Import,150280,13989
Peru,2007,"Articles of copper, nes",Import,551868,27472
Peru,2007,"Articles of copper, nes",Export,78551,20111
Philippines,2007,"Articles of copper, nes",Import,17565079,3000085
Philippines,2007,"Articles of copper, nes",Export,149027,25056
Poland,2007,"Articles of copper, nes",Import,22643926,978816
Poland,2007,"Articles of copper, nes",Export,28857739,2372366
Portugal,2007,"Articles of copper, nes",Import,6142134,646034
Portugal,2007,"Articles of copper, nes",Export,6145990,412494
Qatar,2007,"Articles of copper, nes",Import,4218153,842089
Qatar,2007,"Articles of copper, nes",Export,6489,21315
Rep. of Korea,2007,"Articles of copper, nes",Import,56565007,3577339
Rep. of Korea,2007,"Articles of copper, nes",Export,217754583,15933147
Rep. of Moldova,2007,"Articles of copper, nes",Import,88223,3498
Rep. of Moldova,2007,"Articles of copper, nes",Export,5214,301
Romania,2007,"Articles of copper, nes",Import,8230863,527313
Romania,2007,"Articles of copper, nes",Export,5883116,456481
Russian Federation,2007,"Articles of copper, nes",Import,24785770,985636
Russian Federation,2007,"Articles of copper, nes",Export,5095963,284046
Rwanda,2007,"Articles of copper, nes",Import,93183,46299
Saint Kitts and Nevis,2007,"Articles of copper, nes",Import,36487,1909
Saint Lucia,2007,"Articles of copper, nes",Import,19833,2787
Saint Vincent and the Grenadines,2007,"Articles of copper, nes",Import,72132,18829
Sao Tome and Principe,2007,"Articles of copper, nes",Import,6221,1920
Saudi Arabia,2007,"Articles of copper, nes",Import,6756361,1240502
Saudi Arabia,2007,"Articles of copper, nes",Export,278517,129088
Senegal,2007,"Articles of copper, nes",Import,136464,31115
Senegal,2007,"Articles of copper, nes",Export,147,941
Serbia,2007,"Articles of copper, nes",Import,10389929,629235
Serbia,2007,"Articles of copper, nes",Export,1341294,152493
Seychelles,2007,"Articles of copper, nes",Import,30957,3979
Singapore,2007,"Articles of copper, nes",Import,56864326,1748020
Singapore,2007,"Articles of copper, nes",Export,26339594,888339
Slovakia,2007,"Articles of copper, nes",Import,14803050,1112506
Slovakia,2007,"Articles of copper, nes",Export,7490800,781944
Slovenia,2007,"Articles of copper, nes",Import,8178246,580628
Slovenia,2007,"Articles of copper, nes",Export,4253941,268205
South Africa,2007,"Articles of copper, nes",Import,3120211,220076
South Africa,2007,"Articles of copper, nes",Export,29221567,2171112
Togo,2007,"Articles of copper, nes",Export,514650,740000
Spain,2007,"Articles of copper, nes",Import,54658857,3842771
Spain,2007,"Articles of copper, nes",Export,33467972,3890307
Sri Lanka,2007,"Articles of copper, nes",Import,840210,146375
Sri Lanka,2007,"Articles of copper, nes",Export,13839,1764
Sudan,2007,"Articles of copper, nes",Import,79589,18793
Swaziland,2007,"Articles of copper, nes",Import,9622,3730
Swaziland,2007,"Articles of copper, nes",Export,52951,3981
Sweden,2007,"Articles of copper, nes",Import,46663518,3444839
Sweden,2007,"Articles of copper, nes",Export,11767969,820854
Switzerland,2007,"Articles of copper, nes",Import,46328302,2100907
Switzerland,2007,"Articles of copper, nes",Export,79127458,3199533
Syria,2007,"Articles of copper, nes",Import,119189,19189
TFYR of Macedonia,2007,"Articles of copper, nes",Import,1090311,103550
TFYR of Macedonia,2007,"Articles of copper, nes",Export,159,30
Thailand,2007,"Articles of copper, nes",Import,70269131,2938384
Thailand,2007,"Articles of copper, nes",Export,12486806,2571745
Togo,2007,"Articles of copper, nes",Import,7701,444
Trinidad and Tobago,2007,"Articles of copper, nes",Import,1732375,131333
Trinidad and Tobago,2007,"Articles of copper, nes",Export,66342,56458
Tunisia,2007,"Articles of copper, nes",Import,4034697,348051
Tunisia,2007,"Articles of copper, nes",Export,1509136,89686
Turkey,2007,"Articles of copper, nes",Import,10783634,450478
Turkey,2007,"Articles of copper, nes",Export,5414695,647946
Uganda,2007,"Articles of copper, nes",Import,23450,5654
Ukraine,2007,"Articles of copper, nes",Import,21892475,1804927
Ukraine,2007,"Articles of copper, nes",Export,963198,81972
United Arab Emirates,2007,"Articles of copper, nes",Import,13495873,2608580
United Arab Emirates,2007,"Articles of copper, nes",Export,4908049,659591
United Kingdom,2007,"Articles of copper, nes",Import,55416977,4669438
United Kingdom,2007,"Articles of copper, nes",Export,80969862,3818713
United Rep. of Tanzania,2007,"Articles of copper, nes",Import,187101,222414
Uruguay,2007,"Articles of copper, nes",Import,204482,14606
Uruguay,2007,"Articles of copper, nes",Export,5294,500
USA,2007,"Articles of copper, nes",Import,434241660,27714340
USA,2007,"Articles of copper, nes",Export,180816524,11819647
Vanuatu,2007,"Articles of copper, nes",Import,8484,1032
Venezuela,2007,"Articles of copper, nes",Import,1109470,72744
Viet Nam,2007,"Articles of copper, nes",Import,15514703,1030273
Viet Nam,2007,"Articles of copper, nes",Export,848367,63779
Yemen,2007,"Articles of copper, nes",Import,327877,48783
Yemen,2007,"Articles of copper, nes",Export,585,50
Zambia,2007,"Articles of copper, nes",Import,6110066,238221
Zambia,2007,"Articles of copper, nes",Export,21277,34064
Zimbabwe,2007,"Articles of copper, nes",Export,18496,1391
Zimbabwe,2007,"Articles of copper, nes",Import,225172,14953
