"COUNTRY","YEAR","COMMODITY","FLOW","TRADE_USD","QUANTITY_KG"
"Albania","2011","Articles of zinc nes","Import","269140","74762"
"Albania","2011","Articles of zinc nes","Export","85102","14850"
"Algeria","2011","Articles of zinc nes","Import","901381","114450"
"Antigua and Barbuda","2011","Articles of zinc nes","Import","10377","1395"
"Argentina","2011","Articles of zinc nes","Import","3551784","434602"
"Argentina","2011","Articles of zinc nes","Export","528090","37268"
"Armenia","2011","Articles of zinc nes","Import","65464","4480"
"Aruba","2011","Articles of zinc nes","Import","101022","21601"
"Australia","2011","Articles of zinc nes","Import","6986090","1583552"
"Australia","2011","Articles of zinc nes","Export","255761","47794"
"Azerbaijan","2011","Articles of zinc nes","Import","4193059","3996301"
"Bahamas","2011","Articles of zinc nes","Import","445242","87020"
"Bahamas","2011","Articles of zinc nes","Export","20151","5541"
"Bahrain","2011","Articles of zinc nes","Import","3582624","667178"
"Bahrain","2011","Articles of zinc nes","Export","47239","9941"
"Barbados","2011","Articles of zinc nes","Import","48886","7629"
"Belarus","2011","Articles of zinc nes","Import","1674900","485004"
"Belarus","2011","Articles of zinc nes","Export","24000","7325"
"Belgium","2011","Articles of zinc nes","Import","54213914","15666953"
"Belgium","2011","Articles of zinc nes","Export","49566437","15968962"
"Bolivia","2011","Articles of zinc nes","Import","190379","62732"
"Bosnia Herzegovina","2011","Articles of zinc nes","Import","491561","101328"
"Bosnia Herzegovina","2011","Articles of zinc nes","Export","3571907","678100"
"Botswana","2011","Articles of zinc nes","Import","1441607","512698"
"Botswana","2011","Articles of zinc nes","Export","12881","1640"
"Brazil","2011","Articles of zinc nes","Import","6883537","699482"
"Brazil","2011","Articles of zinc nes","Export","2061350","225579"
"Bulgaria","2011","Articles of zinc nes","Import","2448808","597571"
"Bulgaria","2011","Articles of zinc nes","Export","341233","62551"
"Canada","2011","Articles of zinc nes","Import","27414415","4212213"
"Canada","2011","Articles of zinc nes","Export","15671122","1630284"
"Cape Verde","2011","Articles of zinc nes","Import","30272","4265"
"Chile","2011","Articles of zinc nes","Import","1186272","184729"
"Chile","2011","Articles of zinc nes","Export","43104","4870"
"China","2011","Articles of zinc nes","Import","21465680","2268347"
"China","2011","Articles of zinc nes","Export","152777658","40934770"
"China, Hong Kong SAR","2011","Articles of zinc nes","Import","24047344","3417159"
"China, Hong Kong SAR","2011","Articles of zinc nes","Export","51779621","6802413"
"China, Macao SAR","2011","Articles of zinc nes","Export","355","40"
"Colombia","2011","Articles of zinc nes","Import","2541870","755156"
"Colombia","2011","Articles of zinc nes","Export","220057","36102"
"Costa Rica","2011","Articles of zinc nes","Import","1464405","207836"
"Costa Rica","2011","Articles of zinc nes","Export","817868","31807"
"Cte dIvoire","2011","Articles of zinc nes","Import","106883","17525"
"Croatia","2011","Articles of zinc nes","Import","1589500","177119"
"Croatia","2011","Articles of zinc nes","Export","413016","48592"
"Cyprus","2011","Articles of zinc nes","Import","260391","46560"
"Cyprus","2011","Articles of zinc nes","Export","270","2"
"Czech Rep.","2011","Articles of zinc nes","Import","51258488","6580161"
"Czech Rep.","2011","Articles of zinc nes","Export","42091154","5471635"
"Denmark","2011","Articles of zinc nes","Import","15546019","2590667"
"Denmark","2011","Articles of zinc nes","Export","10221578","839129"
"Dominican Rep.","2011","Articles of zinc nes","Import","187178","26598"
"Dominican Rep.","2011","Articles of zinc nes","Export","3733609","2539796"
"Ecuador","2011","Articles of zinc nes","Import","1427610","247073"
"Ecuador","2011","Articles of zinc nes","Export","5113","1585"
"Egypt","2011","Articles of zinc nes","Import","1021354","145136"
"Egypt","2011","Articles of zinc nes","Export","33693","4426"
"Estonia","2011","Articles of zinc nes","Import","2319529","341076"
"Estonia","2011","Articles of zinc nes","Export","396429","58467"
"Ethiopia","2011","Articles of zinc nes","Import","12005","4275"
"EU-27","2011","Articles of zinc nes","Import","178349036","29887987"
"EU-27","2011","Articles of zinc nes","Export","116996839","12412640"
"Finland","2011","Articles of zinc nes","Import","3272730","647678"
"Finland","2011","Articles of zinc nes","Export","17905167","2890098"
"France","2011","Articles of zinc nes","Import","113316309","29402183"
"French Polynesia","2011","Articles of zinc nes","Import","107771","9119"
"French Polynesia","2011","Articles of zinc nes","Export","9677","65"
"Germany","2011","Articles of zinc nes","Import","154666700","21222041"
"Germany","2011","Articles of zinc nes","Export","249047386","27199446"
"Ghana","2011","Articles of zinc nes","Import","63179","2852"
"Greece","2011","Articles of zinc nes","Import","567523","67203"
"Greece","2011","Articles of zinc nes","Export","2125649","711828"
"Guatemala","2011","Articles of zinc nes","Import","393342","35744"
"Guatemala","2011","Articles of zinc nes","Export","79340","79340"
"Guyana","2011","Articles of zinc nes","Import","550896","482922"
"Hungary","2011","Articles of zinc nes","Import","13608000","1755700"
"Hungary","2011","Articles of zinc nes","Export","10990000","2583535"
"Iceland","2011","Articles of zinc nes","Import","218928","20308"
"Iceland","2011","Articles of zinc nes","Export","6177","562"
"India","2011","Articles of zinc nes","Import","9643923","1915394"
"India","2011","Articles of zinc nes","Export","5971494","2243496"
"Indonesia","2011","Articles of zinc nes","Import","16101056","6528686"
"Indonesia","2011","Articles of zinc nes","Export","1204744","792928"
"Ireland","2011","Articles of zinc nes","Import","942656","64419"
"Ireland","2011","Articles of zinc nes","Export","313516","5765"
"Israel","2011","Articles of zinc nes","Import","2040000","289887"
"Israel","2011","Articles of zinc nes","Export","56000","7357"
"Italy","2011","Articles of zinc nes","Import","31050691","3385153"
"Italy","2011","Articles of zinc nes","Export","96727221","13523612"
"Japan","2011","Articles of zinc nes","Import","37291025","3588340"
"Japan","2011","Articles of zinc nes","Export","10349000","702128"
"Jordan","2011","Articles of zinc nes","Import","860528","319246"
"Kyrgyzstan","2011","Articles of zinc nes","Import","57644","11060"
"Kyrgyzstan","2011","Articles of zinc nes","Export","13","6"
"Latvia","2011","Articles of zinc nes","Import","461307","56973"
"Latvia","2011","Articles of zinc nes","Export","56805","10951"
"Lebanon","2011","Articles of zinc nes","Import","570014","280482"
"Lebanon","2011","Articles of zinc nes","Export","3028871","658649"
"Lithuania","2011","Articles of zinc nes","Import","1763780","354284"
"Lithuania","2011","Articles of zinc nes","Export","1096983","121456"
"Luxembourg","2011","Articles of zinc nes","Import","5781433","1036775"
"Luxembourg","2011","Articles of zinc nes","Export","539026","60959"
"Malawi","2011","Articles of zinc nes","Import","15852","4709"
"Malaysia","2011","Articles of zinc nes","Import","3755477","1167699"
"Malaysia","2011","Articles of zinc nes","Export","18406885","2733308"
"Maldives","2011","Articles of zinc nes","Import","199374","28331"
"Mauritania","2011","Articles of zinc nes","Import","9308","812"
"Mauritius","2011","Articles of zinc nes","Import","87848","13326"
"Mauritius","2011","Articles of zinc nes","Export","5277","1136"
"Mexico","2011","Articles of zinc nes","Import","45940325","6634025"
"Mexico","2011","Articles of zinc nes","Export","18168255","5692249"
"Montenegro","2011","Articles of zinc nes","Import","192301","33071"
"Montenegro","2011","Articles of zinc nes","Export","7365","10"
"Mozambique","2011","Articles of zinc nes","Import","484000","123299"
"New Caledonia","2011","Articles of zinc nes","Import","160620","18053"
"New Caledonia","2011","Articles of zinc nes","Export","870","477"
"New Zealand","2011","Articles of zinc nes","Import","574784","50065"
"New Zealand","2011","Articles of zinc nes","Export","136657","20861"
"Nicaragua","2011","Articles of zinc nes","Import","54378","26073"
"Nicaragua","2011","Articles of zinc nes","Export","3358","121"
"Niger","2011","Articles of zinc nes","Import","15105","1565"
"Norway","2011","Articles of zinc nes","Import","7141226","795801"
"Norway","2011","Articles of zinc nes","Export","3013335","187846"
"Other Asia, nes","2011","Articles of zinc nes","Import","4916847","808718"
"Other Asia, nes","2011","Articles of zinc nes","Export","81525166","10912337"
"Pakistan","2011","Articles of zinc nes","Import","2099655","657937"
"Pakistan","2011","Articles of zinc nes","Export","960","532"
"Panama","2011","Articles of zinc nes","Import","3264918","1167251"
"Panama","2011","Articles of zinc nes","Export","1803740","568906"
"Paraguay","2011","Articles of zinc nes","Import","197247","25334"
"Peru","2011","Articles of zinc nes","Import","1778884","401259"
"Peru","2011","Articles of zinc nes","Export","18930029","7763125"
"Philippines","2011","Articles of zinc nes","Export","144962","46813"
"Philippines","2011","Articles of zinc nes","Import","1445723","383864"
"Poland","2011","Articles of zinc nes","Import","24599161","3757481"
"Poland","2011","Articles of zinc nes","Export","12345170","1876427"
"Portugal","2011","Articles of zinc nes","Import","11507123","1123676"
"Portugal","2011","Articles of zinc nes","Export","6990061","711619"
"Rep. of Korea","2011","Articles of zinc nes","Import","5372729","1343246"
"Rep. of Korea","2011","Articles of zinc nes","Export","12173199","3079795"
"Rep. of Moldova","2011","Articles of zinc nes","Import","234291","23657"
"Rep. of Moldova","2011","Articles of zinc nes","Export","107961","7710"
"Romania","2011","Articles of zinc nes","Import","20008729","4222486"
"Romania","2011","Articles of zinc nes","Export","3705810","912678"
"Russian Federation","2011","Articles of zinc nes","Import","12264261","1516611"
"Russian Federation","2011","Articles of zinc nes","Export","332304","89168"
"Rwanda","2011","Articles of zinc nes","Import","91623","38681"
"Samoa","2011","Articles of zinc nes","Import","21368","2356"
"Senegal","2011","Articles of zinc nes","Import","1128779","374697"
"Serbia","2011","Articles of zinc nes","Import","1475184","179694"
"Serbia","2011","Articles of zinc nes","Export","571522","98264"
"Singapore","2011","Articles of zinc nes","Import","10095476","1434580"
"Singapore","2011","Articles of zinc nes","Export","17664803","2320667"
"Slovakia","2011","Articles of zinc nes","Import","19819549","4375862"
"Slovakia","2011","Articles of zinc nes","Export","20118613","2203044"
"Slovenia","2011","Articles of zinc nes","Import","1210725","134775"
"Slovenia","2011","Articles of zinc nes","Export","6429809","740092"
"South Africa","2011","Articles of zinc nes","Import","1718517","208272"
"South Africa","2011","Articles of zinc nes","Export","1327041","416306"
"Sri Lanka","2011","Articles of zinc nes","Import","822412","237261"
"Suriname","2011","Articles of zinc nes","Import","28828","15376"
"Sweden","2011","Articles of zinc nes","Import","11216556","1678110"
"Sweden","2011","Articles of zinc nes","Export","19537332","2176536"
"Switzerland","2011","Articles of zinc nes","Import","24090672","1970018"
"Switzerland","2011","Articles of zinc nes","Export","10368255","529497"
"TFYR of Macedonia","2011","Articles of zinc nes","Import","102178","6200"
"TFYR of Macedonia","2011","Articles of zinc nes","Export","15829","2058"
"Thailand","2011","Articles of zinc nes","Import","7919535","1136232"
"Thailand","2011","Articles of zinc nes","Export","35416560","11806101"
"Togo","2011","Articles of zinc nes","Import","26910","82369"
"Turkey","2011","Articles of zinc nes","Import","7295552","960095"
"Turkey","2011","Articles of zinc nes","Export","6925379","3055194"
"Ukraine","2011","Articles of zinc nes","Import","374341","83466"
"Ukraine","2011","Articles of zinc nes","Export","70910","7275"
"United Kingdom","2011","Articles of zinc nes","Import","20135189","2569035"
"United Kingdom","2011","Articles of zinc nes","Export","15891139","1010801"
"United Rep. of Tanzania","2011","Articles of zinc nes","Import","548045","182522"
"United Rep. of Tanzania","2011","Articles of zinc nes","Export","436895","262990"
"USA","2011","Articles of zinc nes","Import","187585953","21394100"
"USA","2011","Articles of zinc nes","Export","62731487","8943930"
"Venezuela","2011","Articles of zinc nes","Import","327467","138626"
"Yemen","2011","Articles of zinc nes","Import","44081","13883"
"Yemen","2011","Articles of zinc nes","Export","5262","11250"
"Albania","2010","Articles of zinc nes","Import","256611","105957"
"Algeria","2010","Articles of zinc nes","Import","863931","179270"
"Antigua and Barbuda","2010","Articles of zinc nes","Import","11614","2145"
"Argentina","2010","Articles of zinc nes","Import","1721843","444566"
"Argentina","2010","Articles of zinc nes","Export","1017606","73433"
"Armenia","2010","Articles of zinc nes","Import","91033","5029"
"Aruba","2010","Articles of zinc nes","Import","49392","14100"
"Australia","2010","Articles of zinc nes","Import","6906688","992053"
"Australia","2010","Articles of zinc nes","Export","360475","45839"
"Austria","2010","Articles of zinc nes","Import","44809435","9737890"
"Austria","2010","Articles of zinc nes","Export","131751709","18005204"
"Azerbaijan","2010","Articles of zinc nes","Import","5894264","4973263"
"Bahamas","2010","Articles of zinc nes","Import","442753","86883"
"Bahrain","2010","Articles of zinc nes","Import","2238584","295536"
"Bahrain","2010","Articles of zinc nes","Export","3191","500"
"Barbados","2010","Articles of zinc nes","Import","53817","9925"
"Belarus","2010","Articles of zinc nes","Import","1834200","552637"
"Belarus","2010","Articles of zinc nes","Export","1000","218"
"Belgium","2010","Articles of zinc nes","Import","24129693","4186298"
"Belgium","2010","Articles of zinc nes","Export","18844886","3014454"
"Belize","2010","Articles of zinc nes","Import","10243","1647"
"Bermuda","2010","Articles of zinc nes","Import","25035","3335"
"Bhutan","2010","Articles of zinc nes","Import","102","51"
"Bolivia","2010","Articles of zinc nes","Import","515762","44623"
"Bosnia Herzegovina","2010","Articles of zinc nes","Import","423651","89434"
"Bosnia Herzegovina","2010","Articles of zinc nes","Export","2322920","498134"
"Brazil","2010","Articles of zinc nes","Import","4855135","488677"
"Botswana","2010","Articles of zinc nes","Import","919762","392791"
"Brazil","2010","Articles of zinc nes","Export","1392143","151182"
"Bulgaria","2010","Articles of zinc nes","Import","2111554","365521"
"Bulgaria","2010","Articles of zinc nes","Export","432822","54869"
"Burkina Faso","2010","Articles of zinc nes","Import","293553","122772"
"Burundi","2010","Articles of zinc nes","Import","1639","2050"
"Cambodia","2010","Articles of zinc nes","Import","305522","268300"
"Cameroon","2010","Articles of zinc nes","Import","64043","2694"
"Cameroon","2010","Articles of zinc nes","Export","608","150"
"Canada","2010","Articles of zinc nes","Import","27476623","5122662"
"Canada","2010","Articles of zinc nes","Export","19810725","2048043"
"Cape Verde","2010","Articles of zinc nes","Import","58644","14413"
"Chile","2010","Articles of zinc nes","Import","3324157","1920934"
"Chile","2010","Articles of zinc nes","Export","41036","3313"
"China","2010","Articles of zinc nes","Import","19769687","2539592"
"China","2010","Articles of zinc nes","Export","167331522","43570075"
"China, Hong Kong SAR","2010","Articles of zinc nes","Import","24345708","3243168"
"China, Hong Kong SAR","2010","Articles of zinc nes","Export","57033937","7924302"
"Colombia","2010","Articles of zinc nes","Import","2416380","694412"
"Colombia","2010","Articles of zinc nes","Export","111150","14401"
"Congo","2010","Articles of zinc nes","Import","23933","3714"
"Costa Rica","2010","Articles of zinc nes","Import","1564773","289112"
"Costa Rica","2010","Articles of zinc nes","Export","433355","18018"
"Cte dIvoire","2010","Articles of zinc nes","Import","61034","4361"
"Croatia","2010","Articles of zinc nes","Import","1407725","201605"
"Croatia","2010","Articles of zinc nes","Export","458151","52447"
"Cyprus","2010","Articles of zinc nes","Import","250412","53614"
"Cyprus","2010","Articles of zinc nes","Export","668","5"
"Czech Rep.","2010","Articles of zinc nes","Import","46399030","12291207"
"Czech Rep.","2010","Articles of zinc nes","Export","31628996","4750477"
"Denmark","2010","Articles of zinc nes","Import","12092729","2234698"
"Denmark","2010","Articles of zinc nes","Export","9454789","988196"
"Dominica","2010","Articles of zinc nes","Import","1156","154"
"Dominican Rep.","2010","Articles of zinc nes","Import","191909","25565"
"Ecuador","2010","Articles of zinc nes","Import","1099993","168689"
"Ecuador","2010","Articles of zinc nes","Export","150","183"
"Egypt","2010","Articles of zinc nes","Import","1829603","439104"
"El Salvador","2010","Articles of zinc nes","Export","257040","13678"
"El Salvador","2010","Articles of zinc nes","Import","181058","56245"
"Estonia","2010","Articles of zinc nes","Export","791121","169725"
"Estonia","2010","Articles of zinc nes","Import","2415090","381214"
"Ethiopia","2010","Articles of zinc nes","Import","79322","22407"
"Ethiopia","2010","Articles of zinc nes","Export","81628","48000"
"EU-27","2010","Articles of zinc nes","Import","133803246","18712538"
"EU-27","2010","Articles of zinc nes","Export","107737424","11028399"
"Fiji","2010","Articles of zinc nes","Import","179668","82248"
"Fiji","2010","Articles of zinc nes","Export","1462","1950"
"Finland","2010","Articles of zinc nes","Import","5596479","1357627"
"Finland","2010","Articles of zinc nes","Export","18592479","3147093"
"France","2010","Articles of zinc nes","Import","74786035","11237899"
"France","2010","Articles of zinc nes","Export","6524410","1216436"
"French Polynesia","2010","Articles of zinc nes","Import","103339","7952"
"French Polynesia","2010","Articles of zinc nes","Export","32853","4544"
"Gambia","2010","Articles of zinc nes","Import","229","300"
"Georgia","2010","Articles of zinc nes","Import","221010","11874"
"Germany","2010","Articles of zinc nes","Import","106329333","15507400"
"Germany","2010","Articles of zinc nes","Export","200481640","22862480"
"Ghana","2010","Articles of zinc nes","Import","13553","1275"
"Greece","2010","Articles of zinc nes","Import","723179","101972"
"Greece","2010","Articles of zinc nes","Export","946215","323380"
"Guatemala","2010","Articles of zinc nes","Import","625209","178888"
"Guatemala","2010","Articles of zinc nes","Export","84771","84771"
"Guyana","2010","Articles of zinc nes","Import","14799","9273"
"Guyana","2010","Articles of zinc nes","Export","25","4"
"Hungary","2010","Articles of zinc nes","Import","12155000","1641370"
"Hungary","2010","Articles of zinc nes","Export","8515000","1489675"
"Iceland","2010","Articles of zinc nes","Import","253501","29471"
"India","2010","Articles of zinc nes","Import","4359778","915946"
"India","2010","Articles of zinc nes","Export","4411641","612954"
"Indonesia","2010","Articles of zinc nes","Import","19496254","6727707"
"Indonesia","2010","Articles of zinc nes","Export","1760777","1132352"
"Iran","2010","Articles of zinc nes","Import","924572","407505"
"Iran","2010","Articles of zinc nes","Export","671286","291776"
"Ireland","2010","Articles of zinc nes","Import","1111143","116911"
"Ireland","2010","Articles of zinc nes","Export","83619","3640"
"Israel","2010","Articles of zinc nes","Import","1730000","230459"
"Israel","2010","Articles of zinc nes","Export","28000","3890"
"Italy","2010","Articles of zinc nes","Import","24898002","3073993"
"Italy","2010","Articles of zinc nes","Export","82051034","13175258"
"Jamaica","2010","Articles of zinc nes","Import","482447","155749"
"Jamaica","2010","Articles of zinc nes","Export","253628","109267"
"Japan","2010","Articles of zinc nes","Import","28856765","3543236"
"Japan","2010","Articles of zinc nes","Export","11895653","825627"
"Jordan","2010","Articles of zinc nes","Import","343779","97178"
"Jordan","2010","Articles of zinc nes","Export","3192","5954"
"Kenya","2010","Articles of zinc nes","Import","248629","163657"
"Kenya","2010","Articles of zinc nes","Export","100692","28003"
"Kyrgyzstan","2010","Articles of zinc nes","Import","130736","188277"
"Latvia","2010","Articles of zinc nes","Import","570009","88314"
"Latvia","2010","Articles of zinc nes","Export","54864","16139"
"Lebanon","2010","Articles of zinc nes","Import","441026","104064"
"Lebanon","2010","Articles of zinc nes","Export","3468906","802904"
"Lithuania","2010","Articles of zinc nes","Import","1125542","259909"
"Lithuania","2010","Articles of zinc nes","Export","680115","88290"
"Luxembourg","2010","Articles of zinc nes","Import","5133632","1008888"
"Luxembourg","2010","Articles of zinc nes","Export","403894","57447"
"Madagascar","2010","Articles of zinc nes","Import","179789","52310"
"Madagascar","2010","Articles of zinc nes","Export","14616","2133"
"Malawi","2010","Articles of zinc nes","Import","32376","24367"
"Malaysia","2010","Articles of zinc nes","Import","6295611","3517737"
"Malaysia","2010","Articles of zinc nes","Export","13183552","2962914"
"Maldives","2010","Articles of zinc nes","Import","151682","20206"
"Mali","2010","Articles of zinc nes","Import","4927198","1926436"
"Mali","2010","Articles of zinc nes","Export","5655","2000"
"Malta","2010","Articles of zinc nes","Import","125583","18586"
"Malta","2010","Articles of zinc nes","Export","15860","400"
"Mauritania","2010","Articles of zinc nes","Import","11544","21460"
"Mauritius","2010","Articles of zinc nes","Import","36608","20883"
"Mauritius","2010","Articles of zinc nes","Export","1207","102"
"Mexico","2010","Articles of zinc nes","Import","38163717","5813127"
"Mexico","2010","Articles of zinc nes","Export","15828589","2983837"
"Montenegro","2010","Articles of zinc nes","Import","238223","70808"
"Montenegro","2010","Articles of zinc nes","Export","21287","873"
"Morocco","2010","Articles of zinc nes","Import","3446526","1159050"
"Morocco","2010","Articles of zinc nes","Export","133953","18142"
"Mozambique","2010","Articles of zinc nes","Import","80109","10635"
"Nepal","2010","Articles of zinc nes","Import","1842","5020"
"Nepal","2010","Articles of zinc nes","Export","61265","30089"
"Netherlands","2010","Articles of zinc nes","Import","9451407","1763196"
"Netherlands","2010","Articles of zinc nes","Export","5703150","852132"
"New Caledonia","2010","Articles of zinc nes","Import","207621","24567"
"New Caledonia","2010","Articles of zinc nes","Export","1985","221"
"New Zealand","2010","Articles of zinc nes","Import","534645","69733"
"New Zealand","2010","Articles of zinc nes","Export","122572","19096"
"Nicaragua","2010","Articles of zinc nes","Import","77835","52384"
"Nicaragua","2010","Articles of zinc nes","Export","1855","5022"
"Niger","2010","Articles of zinc nes","Import","158","162"
"Nigeria","2010","Articles of zinc nes","Import","922990","214026"
"Norway","2010","Articles of zinc nes","Import","8039628","1088954"
"Norway","2010","Articles of zinc nes","Export","2219441","159744"
"Occ. Palestinian Terr.","2010","Articles of zinc nes","Import","247968","33033"
"Oman","2010","Articles of zinc nes","Import","768230","211934"
"Oman","2010","Articles of zinc nes","Export","41446","25323"
"Other Asia, nes","2010","Articles of zinc nes","Import","3260614","650430"
"Other Asia, nes","2010","Articles of zinc nes","Export","84637394","12480060"
"Pakistan","2010","Articles of zinc nes","Import","2445989","896358"
"Pakistan","2010","Articles of zinc nes","Export","8815","3620"
"Panama","2010","Articles of zinc nes","Import","2070278","606378"
"Panama","2010","Articles of zinc nes","Export","746611","238471"
"Paraguay","2010","Articles of zinc nes","Import","81219","13570"
"Paraguay","2010","Articles of zinc nes","Export","28500","446"
"Peru","2010","Articles of zinc nes","Import","949463","183426"
"Peru","2010","Articles of zinc nes","Export","16133637","6707309"
"Philippines","2010","Articles of zinc nes","Import","932640","947366"
"Philippines","2010","Articles of zinc nes","Export","176276","29530"
"Poland","2010","Articles of zinc nes","Import","21999260","3907152"
"Poland","2010","Articles of zinc nes","Export","11485880","1782713"
"Portugal","2010","Articles of zinc nes","Export","5800316","629913"
"Portugal","2010","Articles of zinc nes","Import","9513287","920807"
"Qatar","2010","Articles of zinc nes","Import","13037043","2352200"
"Rep. of Korea","2010","Articles of zinc nes","Import","3363741","607591"
"Rep. of Korea","2010","Articles of zinc nes","Export","14631329","3682769"
"Rep. of Moldova","2010","Articles of zinc nes","Import","262483","26443"
"Rep. of Moldova","2010","Articles of zinc nes","Export","45686","2272"
"Romania","2010","Articles of zinc nes","Import","16802308","5620869"
"Romania","2010","Articles of zinc nes","Export","4594404","867717"
"Russian Federation","2010","Articles of zinc nes","Import","11639745","1619125"
"Russian Federation","2010","Articles of zinc nes","Export","442536","80227"
"Saint Vincent and the Grenadines","2010","Articles of zinc nes","Import","12921","810"
"Samoa","2010","Articles of zinc nes","Import","9957","3415"
"Sao Tome and Principe","2010","Articles of zinc nes","Import","577","264"
"Saudi Arabia","2010","Articles of zinc nes","Import","4440539","918000"
"Saudi Arabia","2010","Articles of zinc nes","Export","2794403","2378000"
"Senegal","2010","Articles of zinc nes","Export","290","240"
"Senegal","2010","Articles of zinc nes","Import","1180022","403294"
"Serbia","2010","Articles of zinc nes","Import","1236483","139223"
"Serbia","2010","Articles of zinc nes","Export","346741","94879"
"Singapore","2010","Articles of zinc nes","Import","9712786","1293871"
"Singapore","2010","Articles of zinc nes","Export","20318133","2823004"
"Slovakia","2010","Articles of zinc nes","Import","20933975","3614804"
"Slovakia","2010","Articles of zinc nes","Export","18934019","1045505"
"Slovenia","2010","Articles of zinc nes","Import","1148417","119616"
"Slovenia","2010","Articles of zinc nes","Export","4338486","568348"
"South Africa","2010","Articles of zinc nes","Import","1345012","207572"
"South Africa","2010","Articles of zinc nes","Export","2270609","541611"
"Spain","2010","Articles of zinc nes","Import","18117396","2653859"
"Spain","2010","Articles of zinc nes","Export","31954634","11055046"
"Sri Lanka","2010","Articles of zinc nes","Import","482859","155729"
"Suriname","2010","Articles of zinc nes","Import","19416","22139"
"Suriname","2010","Articles of zinc nes","Export","6858","750"
"Sweden","2010","Articles of zinc nes","Import","9560329","1560093"
"Sweden","2010","Articles of zinc nes","Export","15406550","2178514"
"Switzerland","2010","Articles of zinc nes","Import","19800922","1831691"
"Switzerland","2010","Articles of zinc nes","Export","9840974","506351"
"Syria","2010","Articles of zinc nes","Import","58807","31615"
"Syria","2010","Articles of zinc nes","Export","1681004","1541112"
"Thailand","2010","Articles of zinc nes","Import","8579633","1146155"
"Thailand","2010","Articles of zinc nes","Export","29301832","10155850"
"Togo","2010","Articles of zinc nes","Import","57860","8141"
"Togo","2010","Articles of zinc nes","Export","8076","227"
"Tonga","2010","Articles of zinc nes","Import","56063","12052"
"Trinidad and Tobago","2010","Articles of zinc nes","Import","878356","736515"
"Trinidad and Tobago","2010","Articles of zinc nes","Export","7153","343"
"Tunisia","2010","Articles of zinc nes","Import","2518131","401198"
"Tunisia","2010","Articles of zinc nes","Export","1087962","155123"
"Turkey","2010","Articles of zinc nes","Import","5121168","728925"
"Turkey","2010","Articles of zinc nes","Export","5324784","2371883"
"Uganda","2010","Articles of zinc nes","Import","54007","8880"
"Uganda","2010","Articles of zinc nes","Export","23340","90890"
"Ukraine","2010","Articles of zinc nes","Import","412639","91533"
"Ukraine","2010","Articles of zinc nes","Export","65801","9018"
"United Kingdom","2010","Articles of zinc nes","Import","21275714","3138129"
"United Kingdom","2010","Articles of zinc nes","Export","42429648","3621403"
"United Rep. of Tanzania","2010","Articles of zinc nes","Import","586321","185170"
"United Rep. of Tanzania","2010","Articles of zinc nes","Export","102524","151000"
"USA","2010","Articles of zinc nes","Import","174254340","21435155"
"USA","2010","Articles of zinc nes","Export","54803791","9772938"
"Venezuela","2010","Articles of zinc nes","Import","455064","77816"
"Venezuela","2010","Articles of zinc nes","Export","7627","4729"
"Viet Nam","2010","Articles of zinc nes","Import","4244710","565451"
"Viet Nam","2010","Articles of zinc nes","Export","493463","68562"
"Yemen","2010","Articles of zinc nes","Import","14831","6982"
"Yemen","2010","Articles of zinc nes","Export","83582","185250"
"Zambia","2010","Articles of zinc nes","Import","3343","706"
"Zimbabwe","2010","Articles of zinc nes","Import","113772","29500"
"Albania","2009","Articles of zinc nes","Import","448654","211054"
"Albania","2009","Articles of zinc nes","Export","168","288"
"Algeria","2009","Articles of zinc nes","Import","2490826","189517"
"Antigua and Barbuda","2009","Articles of zinc nes","Import","22669","6051"
"Argentina","2009","Articles of zinc nes","Import","616876","63365"
"Argentina","2009","Articles of zinc nes","Export","458157","36543"
"Armenia","2009","Articles of zinc nes","Import","14762","447"
"Aruba","2009","Articles of zinc nes","Import","38841","5856"
"Aruba","2009","Articles of zinc nes","Export","43890","118"
"Australia","2009","Articles of zinc nes","Import","5312731","651300"
"Australia","2009","Articles of zinc nes","Export","403595","52180"
"Austria","2009","Articles of zinc nes","Import","37853670","8062525"
"Austria","2009","Articles of zinc nes","Export","94430566","14152470"
"Azerbaijan","2009","Articles of zinc nes","Import","3511763","4255750"
"Bahamas","2009","Articles of zinc nes","Import","243606","45393"
"Bahrain","2009","Articles of zinc nes","Import","656113","94623"
"Bahrain","2009","Articles of zinc nes","Export","24779","348"
"Barbados","2009","Articles of zinc nes","Import","49785","41681"
"Barbados","2009","Articles of zinc nes","Export","28","35"
"Belarus","2009","Articles of zinc nes","Import","685800","234455"
"Belarus","2009","Articles of zinc nes","Export","1900","183"
"Belgium","2009","Articles of zinc nes","Import","26434518","5207398"
"Belgium","2009","Articles of zinc nes","Export","18817418","3436173"
"Belize","2009","Articles of zinc nes","Import","20456","2679"
"Bhutan","2009","Articles of zinc nes","Import","805","282"
"Bolivia","2009","Articles of zinc nes","Import","98379","10050"
"Bolivia","2009","Articles of zinc nes","Export","300","320"
"Bosnia Herzegovina","2009","Articles of zinc nes","Import","312400","77881"
"Bosnia Herzegovina","2009","Articles of zinc nes","Export","1785138","459122"
"Botswana","2009","Articles of zinc nes","Import","471594","202309"
"Botswana","2009","Articles of zinc nes","Export","1847","238"
"Brazil","2009","Articles of zinc nes","Import","2948783","254532"
"Brazil","2009","Articles of zinc nes","Export","1210549","136722"
"Bulgaria","2009","Articles of zinc nes","Import","854105","125778"
"Bulgaria","2009","Articles of zinc nes","Export","510426","51516"
"Burkina Faso","2009","Articles of zinc nes","Import","564780","271720"
"Burundi","2009","Articles of zinc nes","Import","1351","80"
"Cambodia","2009","Articles of zinc nes","Import","180118","308993"
"Cameroon","2009","Articles of zinc nes","Import","29181","5369"
"Cameroon","2009","Articles of zinc nes","Export","274","4"
"Canada","2009","Articles of zinc nes","Import","20065234","4058505"
"Canada","2009","Articles of zinc nes","Export","16753212","1802431"
"Cape Verde","2009","Articles of zinc nes","Import","53121","12175"
"Central African Rep.","2009","Articles of zinc nes","Import","904","1120"
"Chile","2009","Articles of zinc nes","Import","1180614","181448"
"Chile","2009","Articles of zinc nes","Export","53232","25882"
"China","2009","Articles of zinc nes","Import","15271070","2292209"
"China","2009","Articles of zinc nes","Export","157268071","43845757"
"China, Hong Kong SAR","2009","Articles of zinc nes","Import","21161494","2536133"
"China, Hong Kong SAR","2009","Articles of zinc nes","Export","48525437","6148447"
"China, Macao SAR","2009","Articles of zinc nes","Import","48236","1157"
"China, Macao SAR","2009","Articles of zinc nes","Export","1401","9"
"Colombia","2009","Articles of zinc nes","Import","2374115","776460"
"Colombia","2009","Articles of zinc nes","Export","116482","15833"
"Congo","2009","Articles of zinc nes","Import","25221","3765"
"Costa Rica","2009","Articles of zinc nes","Import","1051572","250869"
"Costa Rica","2009","Articles of zinc nes","Export","330184","18814"
"Cte dIvoire","2009","Articles of zinc nes","Import","342535","77783"
"Croatia","2009","Articles of zinc nes","Import","1367562","261702"
"Croatia","2009","Articles of zinc nes","Export","420070","38429"
"Cyprus","2009","Articles of zinc nes","Import","290712","78845"
"Czech Rep.","2009","Articles of zinc nes","Import","38414781","5345222"
"Czech Rep.","2009","Articles of zinc nes","Export","24324740","3492769"
"Denmark","2009","Articles of zinc nes","Import","13554101","2892206"
"Denmark","2009","Articles of zinc nes","Export","9305537","983712"
"Dominica","2009","Articles of zinc nes","Import","5454","6254"
"Dominican Rep.","2009","Articles of zinc nes","Import","62507","7491"
"Dominican Rep.","2009","Articles of zinc nes","Export","8089051","7028571"
"Ecuador","2009","Articles of zinc nes","Import","761549","222713"
"Ecuador","2009","Articles of zinc nes","Export","61779","13226"
"Egypt","2009","Articles of zinc nes","Import","1386269","372880"
"El Salvador","2009","Articles of zinc nes","Import","119639","25401"
"El Salvador","2009","Articles of zinc nes","Export","35751","782"
"Estonia","2009","Articles of zinc nes","Import","2476823","393755"
"Estonia","2009","Articles of zinc nes","Export","834509","177897"
"Ethiopia","2009","Articles of zinc nes","Import","187203","13607"
"EU-27","2009","Articles of zinc nes","Import","108240635","15786718"
"EU-27","2009","Articles of zinc nes","Export","76233040","7409991"
"Faeroe Isds","2009","Articles of zinc nes","Import","133070","20331"
"Fiji","2009","Articles of zinc nes","Import","16709","1840"
"Fiji","2009","Articles of zinc nes","Export","330","2475"
"Finland","2009","Articles of zinc nes","Import","2910624","531929"
"Finland","2009","Articles of zinc nes","Export","508310","31042"
"France","2009","Articles of zinc nes","Import","59539183","8209431"
"France","2009","Articles of zinc nes","Export","7677410","1310200"
"French Polynesia","2009","Articles of zinc nes","Import","120761","13246"
"French Polynesia","2009","Articles of zinc nes","Export","44702","2"
"Gabon","2009","Articles of zinc nes","Import","366373","61010"
"Gabon","2009","Articles of zinc nes","Export","27540","6976"
"Gambia","2009","Articles of zinc nes","Import","26241","3130"
"Gambia","2009","Articles of zinc nes","Export","902","114"
"Georgia","2009","Articles of zinc nes","Import","408997","40683"
"Germany","2009","Articles of zinc nes","Import","92986000","12939257"
"Germany","2009","Articles of zinc nes","Export","172962000","20447202"
"Ghana","2009","Articles of zinc nes","Import","9289","7519"
"Greece","2009","Articles of zinc nes","Import","864085","105021"
"Greece","2009","Articles of zinc nes","Export","446105","151116"
"Grenada","2009","Articles of zinc nes","Import","18109","1884"
"Guatemala","2009","Articles of zinc nes","Import","1578216","207619"
"Guatemala","2009","Articles of zinc nes","Export","25268","25268"
"Guyana","2009","Articles of zinc nes","Import","490591","366829"
"Guyana","2009","Articles of zinc nes","Export","3358","9120"
"Honduras","2009","Articles of zinc nes","Import","207353","100164"
"Honduras","2009","Articles of zinc nes","Export","55092","59852"
"Hungary","2009","Articles of zinc nes","Import","8393000","1235447"
"Hungary","2009","Articles of zinc nes","Export","7707000","1393281"
"Iceland","2009","Articles of zinc nes","Import","121044","11480"
"Iceland","2009","Articles of zinc nes","Export","432","57"
"India","2009","Articles of zinc nes","Import","2262379","1877810"
"India","2009","Articles of zinc nes","Export","5457860","2200393"
"Indonesia","2009","Articles of zinc nes","Import","8381280","4688887"
"Indonesia","2009","Articles of zinc nes","Export","1529343","1408049"
"Ireland","2009","Articles of zinc nes","Import","857995","126003"
"Ireland","2009","Articles of zinc nes","Export","239215","11273"
"Israel","2009","Articles of zinc nes","Import","1316000","157718"
"Israel","2009","Articles of zinc nes","Export","341000","43207"
"Italy","2009","Articles of zinc nes","Import","20210192","2569557"
"Italy","2009","Articles of zinc nes","Export","69644324","11582689"
"Jamaica","2009","Articles of zinc nes","Import","68903","11660"
"Jamaica","2009","Articles of zinc nes","Export","5573429","53267"
"Japan","2009","Articles of zinc nes","Import","27102221","4650992"
"Japan","2009","Articles of zinc nes","Export","8730943","660735"
"Jordan","2009","Articles of zinc nes","Import","25739","3085"
"Kazakhstan","2009","Articles of zinc nes","Import","401649","50094"
"Kazakhstan","2009","Articles of zinc nes","Export","576","75"
"Kenya","2009","Articles of zinc nes","Import","77514","42479"
"Kenya","2009","Articles of zinc nes","Export","174","62"
"Kuwait","2009","Articles of zinc nes","Export","26228","1010"
"Kyrgyzstan","2009","Articles of zinc nes","Import","101428","128000"
"Latvia","2009","Articles of zinc nes","Export","114283","44144"
"Latvia","2009","Articles of zinc nes","Import","528380","135453"
"Lebanon","2009","Articles of zinc nes","Import","283853","60917"
"Lebanon","2009","Articles of zinc nes","Export","496001","26075"
"Lesotho","2009","Articles of zinc nes","Import","32538","3890"
"Lithuania","2009","Articles of zinc nes","Import","756687","185539"
"Lithuania","2009","Articles of zinc nes","Export","622572","83127"
"Luxembourg","2009","Articles of zinc nes","Import","5723620","1160312"
"Luxembourg","2009","Articles of zinc nes","Export","306740","40591"
"Madagascar","2009","Articles of zinc nes","Import","663506","246663"
"Malawi","2009","Articles of zinc nes","Import","23","5"
"Malaysia","2009","Articles of zinc nes","Import","4030986","2173487"
"Malaysia","2009","Articles of zinc nes","Export","24050120","3020426"
"Maldives","2009","Articles of zinc nes","Import","121670","14582"
"Malta","2009","Articles of zinc nes","Import","225286","24096"
"Mauritius","2009","Articles of zinc nes","Import","22308","5594"
"Mauritius","2009","Articles of zinc nes","Export","4732","123"
"Mayotte","2009","Articles of zinc nes","Import","80956","17012"
"Mexico","2009","Articles of zinc nes","Export","19054215","2685080"
"Mexico","2009","Articles of zinc nes","Import","24509393","3535808"
"Montenegro","2009","Articles of zinc nes","Import","373352","100547"
"Montenegro","2009","Articles of zinc nes","Export","721","320"
"Montserrat","2009","Articles of zinc nes","Import","7592","5481"
"Morocco","2009","Articles of zinc nes","Import","1948778","751711"
"Morocco","2009","Articles of zinc nes","Export","170667","36489"
"Mozambique","2009","Articles of zinc nes","Import","173180","20707"
"Mozambique","2009","Articles of zinc nes","Export","1789","227"
"Namibia","2009","Articles of zinc nes","Import","632231","382503"
"Namibia","2009","Articles of zinc nes","Export","101999","507484"
"Nepal","2009","Articles of zinc nes","Import","99","12"
"Netherlands","2009","Articles of zinc nes","Import","9847805","1180226"
"Netherlands","2009","Articles of zinc nes","Export","3863537","489532"
"New Caledonia","2009","Articles of zinc nes","Import","131458","14796"
"New Caledonia","2009","Articles of zinc nes","Export","99","3"
"New Zealand","2009","Articles of zinc nes","Import","565716","55302"
"New Zealand","2009","Articles of zinc nes","Export","126832","11425"
"Nicaragua","2009","Articles of zinc nes","Import","22866","4664"
"Niger","2009","Articles of zinc nes","Import","2061","9"
"Nigeria","2009","Articles of zinc nes","Import","2580100","9946862"
"Norway","2009","Articles of zinc nes","Import","6645119","886486"
"Norway","2009","Articles of zinc nes","Export","2070372","146295"
"Occ. Palestinian Terr.","2009","Articles of zinc nes","Import","127558","15287"
"Occ. Palestinian Terr.","2009","Articles of zinc nes","Export","2800","355"
"Oman","2009","Articles of zinc nes","Import","275808","102428"
"Other Asia, nes","2009","Articles of zinc nes","Import","3182151","587527"
"Other Asia, nes","2009","Articles of zinc nes","Export","63457727","10517767"
"Pakistan","2009","Articles of zinc nes","Import","2314749","1035632"
"Pakistan","2009","Articles of zinc nes","Export","25711","7678"
"Panama","2009","Articles of zinc nes","Import","1239108","196354"
"Panama","2009","Articles of zinc nes","Export","366380","96695"
"Paraguay","2009","Articles of zinc nes","Import","120343","11518"
"Peru","2009","Articles of zinc nes","Import","649043","80479"
"Peru","2009","Articles of zinc nes","Export","10647628","5204352"
"Philippines","2009","Articles of zinc nes","Import","383037","692102"
"Philippines","2009","Articles of zinc nes","Export","183362","207479"
"Poland","2009","Articles of zinc nes","Import","30073681","5543645"
"Poland","2009","Articles of zinc nes","Export","11613763","2212910"
"Portugal","2009","Articles of zinc nes","Import","6687103","648385"
"Portugal","2009","Articles of zinc nes","Export","3723548","524792"
"Qatar","2009","Articles of zinc nes","Export","71680","38649"
"Rep. of Korea","2009","Articles of zinc nes","Import","5477020","731197"
"Rep. of Korea","2009","Articles of zinc nes","Export","18773181","5556372"
"Rep. of Moldova","2009","Articles of zinc nes","Import","185204","20447"
"Rep. of Moldova","2009","Articles of zinc nes","Export","35180","2636"
"Romania","2009","Articles of zinc nes","Export","4231185","894148"
"Romania","2009","Articles of zinc nes","Import","13810991","4476414"
"Russian Federation","2009","Articles of zinc nes","Import","2168512","169270"
"Russian Federation","2009","Articles of zinc nes","Export","466983","73615"
"Rwanda","2009","Articles of zinc nes","Import","61300","25649"
"Saint Vincent and the Grenadines","2009","Articles of zinc nes","Import","21024","1370"
"Samoa","2009","Articles of zinc nes","Import","1191","9539"
"Sao Tome and Principe","2009","Articles of zinc nes","Import","1256","600"
"Senegal","2009","Articles of zinc nes","Import","1414542","592016"
"Senegal","2009","Articles of zinc nes","Export","1949","1958"
"Serbia","2009","Articles of zinc nes","Import","1007272","118719"
"Serbia","2009","Articles of zinc nes","Export","417664","71246"
"Singapore","2009","Articles of zinc nes","Import","6230663","746724"
"Singapore","2009","Articles of zinc nes","Export","18773320","2378686"
"Slovakia","2009","Articles of zinc nes","Import","9175202","1374989"
"Slovakia","2009","Articles of zinc nes","Export","11346509","980425"
"Slovenia","2009","Articles of zinc nes","Import","1314847","162098"
"Slovenia","2009","Articles of zinc nes","Export","3294655","416419"
"South Africa","2009","Articles of zinc nes","Import","1033381","120399"
"South Africa","2009","Articles of zinc nes","Export","468444","181837"
"Spain","2009","Articles of zinc nes","Import","13549708","2650952"
"Spain","2009","Articles of zinc nes","Export","22594745","9117231"
"Sri Lanka","2009","Articles of zinc nes","Import","373469","142786"
"Sri Lanka","2009","Articles of zinc nes","Export","6782","486"
"Sudan","2009","Articles of zinc nes","Import","422976","250237"
"Suriname","2009","Articles of zinc nes","Import","129974","55262"
"Suriname","2009","Articles of zinc nes","Export","1779","400"
"Sweden","2009","Articles of zinc nes","Import","7876766","1172942"
"Sweden","2009","Articles of zinc nes","Export","11598539","1905197"
"Switzerland","2009","Articles of zinc nes","Import","16430687","1492410"
"Switzerland","2009","Articles of zinc nes","Export","11823981","481073"
"Syria","2009","Articles of zinc nes","Import","163362","81437"
"Syria","2009","Articles of zinc nes","Export","518545","965823"
"TFYR of Macedonia","2009","Articles of zinc nes","Import","34096","3570"
"TFYR of Macedonia","2009","Articles of zinc nes","Export","21687","3105"
"Thailand","2009","Articles of zinc nes","Import","5562450","1020722"
"Thailand","2009","Articles of zinc nes","Export","23494082","6965246"
"Togo","2009","Articles of zinc nes","Import","506712","230864"
"Tonga","2009","Articles of zinc nes","Import","27437","1264"
"Trinidad and Tobago","2009","Articles of zinc nes","Import","1759030","1475499"
"Trinidad and Tobago","2009","Articles of zinc nes","Export","47819","25840"
"Tunisia","2009","Articles of zinc nes","Import","1541852","307762"
"Tunisia","2009","Articles of zinc nes","Export","920691","122498"
"Turkey","2009","Articles of zinc nes","Import","4195030","638278"
"Turkey","2009","Articles of zinc nes","Export","6007092","2454995"
"Uganda","2009","Articles of zinc nes","Import","582","304"
"Uganda","2009","Articles of zinc nes","Export","1453","22"
"Ukraine","2009","Articles of zinc nes","Import","203185","48876"
"Ukraine","2009","Articles of zinc nes","Export","73553","11784"
"United Kingdom","2009","Articles of zinc nes","Import","16989473","2516682"
"United Kingdom","2009","Articles of zinc nes","Export","42317605","3180443"
"United Rep. of Tanzania","2009","Articles of zinc nes","Import","14268","15595"
"United Rep. of Tanzania","2009","Articles of zinc nes","Export","167699","254700"
"Uruguay","2009","Articles of zinc nes","Import","224017","22289"
"Uruguay","2009","Articles of zinc nes","Export","33631","624"
"USA","2009","Articles of zinc nes","Import","147656191","19399260"
"USA","2009","Articles of zinc nes","Export","40219333","7278851"
"Venezuela","2009","Articles of zinc nes","Import","1479375","365145"
"Venezuela","2009","Articles of zinc nes","Export","79573","19515"
"Viet Nam","2009","Articles of zinc nes","Import","2599312","311519"
"Viet Nam","2009","Articles of zinc nes","Export","484842","61432"
"Yemen","2009","Articles of zinc nes","Import","29817","30475"
"Yemen","2009","Articles of zinc nes","Export","100527","59500"
"Zambia","2009","Articles of zinc nes","Import","7526","5858"
"Zambia","2009","Articles of zinc nes","Export","428","2030"
"Zimbabwe","2009","Articles of zinc nes","Import","10540","4594"
"Albania","2008","Articles of zinc nes","Import","373097","125490"
"Albania","2008","Articles of zinc nes","Export","15536","2404"
"Algeria","2008","Articles of zinc nes","Import","832319","188766"
"Anguilla","2008","Articles of zinc nes","Import","306387","122686"
"Argentina","2008","Articles of zinc nes","Import","769797","83706"
"Argentina","2008","Articles of zinc nes","Export","715040","58864"
"Armenia","2008","Articles of zinc nes","Import","37415","1368"
"Australia","2008","Articles of zinc nes","Import","6590255","856344"
"Australia","2008","Articles of zinc nes","Export","948268","117815"
"Austria","2008","Articles of zinc nes","Import","53373178","10930818"
"Austria","2008","Articles of zinc nes","Export","147487103","18963752"
"Azerbaijan","2008","Articles of zinc nes","Import","2850022","4628512"
"Bahamas","2008","Articles of zinc nes","Import","300600","45773"
"Bahrain","2008","Articles of zinc nes","Import","413763","57062"
"Bahrain","2008","Articles of zinc nes","Export","11777","7800"
"Barbados","2008","Articles of zinc nes","Import","73690","16014"
"Belarus","2008","Articles of zinc nes","Import","1341200","340712"
"Belarus","2008","Articles of zinc nes","Export","3500","286"
"Belgium","2008","Articles of zinc nes","Import","52277276","11929305"
"Belgium","2008","Articles of zinc nes","Export","22273612","2600412"
"Belize","2008","Articles of zinc nes","Import","18460","5320"
"Benin","2008","Articles of zinc nes","Import","413","3"
"Bhutan","2008","Articles of zinc nes","Import","537","365"
"Bolivia","2008","Articles of zinc nes","Import","193858","25994"
"Bolivia","2008","Articles of zinc nes","Export","1100","12"
"Bosnia Herzegovina","2008","Articles of zinc nes","Import","648098","165160"
"Bosnia Herzegovina","2008","Articles of zinc nes","Export","2053916","438232"
"Botswana","2008","Articles of zinc nes","Import","183357","65169"
"Botswana","2008","Articles of zinc nes","Export","63523","6002"
"Brazil","2008","Articles of zinc nes","Import","3724447","434955"
"Brazil","2008","Articles of zinc nes","Export","1398236","166860"
"Bulgaria","2008","Articles of zinc nes","Import","1093751","124338"
"Bulgaria","2008","Articles of zinc nes","Export","809823","60899"
"Burkina Faso","2008","Articles of zinc nes","Import","941165","459734"
"Burkina Faso","2008","Articles of zinc nes","Export","251","615"
"Burundi","2008","Articles of zinc nes","Import","166","40"
"Cambodia","2008","Articles of zinc nes","Import","329732","225466"
"Cameroon","2008","Articles of zinc nes","Import","106352","21785"
"Cameroon","2008","Articles of zinc nes","Export","3580","1200"
"Canada","2008","Articles of zinc nes","Import","28709765","5366649"
"Canada","2008","Articles of zinc nes","Export","30437810","3737177"
"Cape Verde","2008","Articles of zinc nes","Import","46051","12946"
"Chile","2008","Articles of zinc nes","Import","1476801","359533"
"Chile","2008","Articles of zinc nes","Export","50288","11475"
"China","2008","Articles of zinc nes","Import","22025927","3327095"
"China","2008","Articles of zinc nes","Export","208749160","50386745"
"China, Hong Kong SAR","2008","Articles of zinc nes","Import","41080631","5353951"
"China, Hong Kong SAR","2008","Articles of zinc nes","Export","73104056","8975770"
"China, Macao SAR","2008","Articles of zinc nes","Import","1382","1050"
"Colombia","2008","Articles of zinc nes","Import","2509089","562365"
"Colombia","2008","Articles of zinc nes","Export","64636","7481"
"Congo","2008","Articles of zinc nes","Import","10253","791"
"Costa Rica","2008","Articles of zinc nes","Import","2035607","310643"
"Costa Rica","2008","Articles of zinc nes","Export","773829","14107"
"Cte dIvoire","2008","Articles of zinc nes","Import","93780","15206"
"Croatia","2008","Articles of zinc nes","Import","2573558","288598"
"Croatia","2008","Articles of zinc nes","Export","1371851","160109"
"Cyprus","2008","Articles of zinc nes","Import","354748","82125"
"Czech Rep.","2008","Articles of zinc nes","Import","53999350","6458214"
"Czech Rep.","2008","Articles of zinc nes","Export","38963146","9881018"
"Denmark","2008","Articles of zinc nes","Import","19323196","3395534"
"Denmark","2008","Articles of zinc nes","Export","14604635","1502040"
"Dominica","2008","Articles of zinc nes","Import","913","461"
"Dominican Rep.","2008","Articles of zinc nes","Import","76662","9991"
"Dominican Rep.","2008","Articles of zinc nes","Export","10607157","7547014"
"Ecuador","2008","Articles of zinc nes","Import","1108856","240628"
"Ecuador","2008","Articles of zinc nes","Export","311","64"
"Egypt","2008","Articles of zinc nes","Export","2435","4800"
"Egypt","2008","Articles of zinc nes","Import","728117","165734"
"El Salvador","2008","Articles of zinc nes","Import","196617","52942"
"El Salvador","2008","Articles of zinc nes","Export","9118","1004"
"Estonia","2008","Articles of zinc nes","Import","3810646","479002"
"Estonia","2008","Articles of zinc nes","Export","1096589","205929"
"Ethiopia","2008","Articles of zinc nes","Import","167347","31979"
"EU-27","2008","Articles of zinc nes","Import","139373178","21531267"
"EU-27","2008","Articles of zinc nes","Export","99692220","9644924"
"Faeroe Isds","2008","Articles of zinc nes","Import","267402","39782"
"Fiji","2008","Articles of zinc nes","Import","78224","61889"
"Fiji","2008","Articles of zinc nes","Export","172","300"
"Finland","2008","Articles of zinc nes","Import","5352531","825430"
"Finland","2008","Articles of zinc nes","Export","727021","23456"
"France","2008","Articles of zinc nes","Import","76132286","10738808"
"France","2008","Articles of zinc nes","Export","9937858","1165846"
"French Polynesia","2008","Articles of zinc nes","Import","92614","9902"
"Gabon","2008","Articles of zinc nes","Import","1448592","263892"
"Gambia","2008","Articles of zinc nes","Import","3172","20000"
"Georgia","2008","Articles of zinc nes","Import","116545","11793"
"Germany","2008","Articles of zinc nes","Import","125819000","17198830"
"Germany","2008","Articles of zinc nes","Export","208584000","24288488"
"Ghana","2008","Articles of zinc nes","Import","25877","14730"
"Greece","2008","Articles of zinc nes","Import","3095718","292814"
"Greece","2008","Articles of zinc nes","Export","1215117","310540"
"Grenada","2008","Articles of zinc nes","Import","22688","2397"
"Guatemala","2008","Articles of zinc nes","Import","855376","194103"
"Guatemala","2008","Articles of zinc nes","Export","45966","59224"
"Guyana","2008","Articles of zinc nes","Import","9097","21"
"Guyana","2008","Articles of zinc nes","Export","3650","3561"
"Hungary","2008","Articles of zinc nes","Import","8620000","1166171"
"Hungary","2008","Articles of zinc nes","Export","12451000","1702473"
"Iceland","2008","Articles of zinc nes","Import","2114534","1639524"
"Iceland","2008","Articles of zinc nes","Export","502","3"
"India","2008","Articles of zinc nes","Import","3762748","710999"
"India","2008","Articles of zinc nes","Export","7713821","1971195"
"Indonesia","2008","Articles of zinc nes","Import","10105155","3975063"
"Indonesia","2008","Articles of zinc nes","Export","1438652","979738"
"Ireland","2008","Articles of zinc nes","Import","1519305","112143"
"Ireland","2008","Articles of zinc nes","Export","133948","3131"
"Israel","2008","Articles of zinc nes","Import","2201000","286852"
"Israel","2008","Articles of zinc nes","Export","8239000","1011590"
"Italy","2008","Articles of zinc nes","Import","26335760","3947781"
"Italy","2008","Articles of zinc nes","Export","101362767","13686627"
"Jamaica","2008","Articles of zinc nes","Import","368226","129331"
"Jamaica","2008","Articles of zinc nes","Export","60265","37823"
"Japan","2008","Articles of zinc nes","Import","35438387","5510003"
"Japan","2008","Articles of zinc nes","Export","10977094","1002863"
"Jordan","2008","Articles of zinc nes","Import","148905","18247"
"Kazakhstan","2008","Articles of zinc nes","Import","1093422","143803"
"Kazakhstan","2008","Articles of zinc nes","Export","5548","19500"
"Kenya","2008","Articles of zinc nes","Import","87892","34761"
"Kenya","2008","Articles of zinc nes","Export","76684","16433"
"Kuwait","2008","Articles of zinc nes","Import","445064","108821"
"Kuwait","2008","Articles of zinc nes","Export","53940","20546"
"Kyrgyzstan","2008","Articles of zinc nes","Import","69552","63449"
"Latvia","2008","Articles of zinc nes","Import","1095189","162165"
"Latvia","2008","Articles of zinc nes","Export","250218","34912"
"Lebanon","2008","Articles of zinc nes","Import","224101","46114"
"Lebanon","2008","Articles of zinc nes","Export","49901","12578"
"Lesotho","2008","Articles of zinc nes","Import","446174","57542"
"Lithuania","2008","Articles of zinc nes","Import","2346106","837369"
"Lithuania","2008","Articles of zinc nes","Export","976008","111808"
"Luxembourg","2008","Articles of zinc nes","Import","6305822","986326"
"Luxembourg","2008","Articles of zinc nes","Export","488482","184801"
"Madagascar","2008","Articles of zinc nes","Import","799269","279429"
"Madagascar","2008","Articles of zinc nes","Export","21496","1648"
"Malawi","2008","Articles of zinc nes","Import","2144","9172"
"Malawi","2008","Articles of zinc nes","Export","349","99"
"Malaysia","2008","Articles of zinc nes","Import","3461538","796001"
"Malaysia","2008","Articles of zinc nes","Export","21554542","2389694"
"Maldives","2008","Articles of zinc nes","Import","210039","27374"
"Mali","2008","Articles of zinc nes","Import","3352026","882200"
"Malta","2008","Articles of zinc nes","Import","289048","38007"
"Malta","2008","Articles of zinc nes","Export","26937","4316"
"Mauritania","2008","Articles of zinc nes","Import","34282","15777"
"Mauritius","2008","Articles of zinc nes","Import","114573","23552"
"Mauritius","2008","Articles of zinc nes","Export","3784","210"
"Mayotte","2008","Articles of zinc nes","Import","3517","162"
"Mexico","2008","Articles of zinc nes","Import","37911499","5401241"
"Mexico","2008","Articles of zinc nes","Export","21246402","3343083"
"Montenegro","2008","Articles of zinc nes","Import","397267","70114"
"Montenegro","2008","Articles of zinc nes","Export","4442","770"
"Montserrat","2008","Articles of zinc nes","Import","1643","420"
"Morocco","2008","Articles of zinc nes","Import","5827704","1962438"
"Morocco","2008","Articles of zinc nes","Export","47894","7094"
"Mozambique","2008","Articles of zinc nes","Import","253711","32720"
"Mozambique","2008","Articles of zinc nes","Export","50","6"
"Namibia","2008","Articles of zinc nes","Import","1152949","784861"
"Namibia","2008","Articles of zinc nes","Export","75094","9220"
"Neth. Antilles","2008","Articles of zinc nes","Import","88338","9561"
"Netherlands","2008","Articles of zinc nes","Import","14706871","2284612"
"Netherlands","2008","Articles of zinc nes","Export","4369165","676446"
"New Caledonia","2008","Articles of zinc nes","Import","82046","6672"
"New Zealand","2008","Articles of zinc nes","Import","697115","75110"
"New Zealand","2008","Articles of zinc nes","Export","250310","22838"
"Nicaragua","2008","Articles of zinc nes","Import","64136","22002"
"Niger","2008","Articles of zinc nes","Import","614","180"
"Nigeria","2008","Articles of zinc nes","Import","166392","21459"
"Norway","2008","Articles of zinc nes","Import","8098439","931417"
"Norway","2008","Articles of zinc nes","Export","2875144","215781"
"Occ. Palestinian Terr.","2008","Articles of zinc nes","Import","73229","9544"
"Oman","2008","Articles of zinc nes","Import","8948691","5499104"
"Oman","2008","Articles of zinc nes","Export","1602","445"
"Other Asia, nes","2008","Articles of zinc nes","Import","2958924","493662"
"Other Asia, nes","2008","Articles of zinc nes","Export","80809560","10494609"
"Pakistan","2008","Articles of zinc nes","Import","2661145","988290"
"Pakistan","2008","Articles of zinc nes","Export","20776","4383"
"Panama","2008","Articles of zinc nes","Import","1128965","354455"
"Panama","2008","Articles of zinc nes","Export","864368","158620"
"Paraguay","2008","Articles of zinc nes","Import","84686","10777"
"Peru","2008","Articles of zinc nes","Import","553616","69717"
"Peru","2008","Articles of zinc nes","Export","21281759","9419264"
"Philippines","2008","Articles of zinc nes","Import","362588","715656"
"Philippines","2008","Articles of zinc nes","Export","20846","8266"
"Poland","2008","Articles of zinc nes","Import","43158861","6426112"
"Poland","2008","Articles of zinc nes","Export","14825611","2147079"
"Portugal","2008","Articles of zinc nes","Import","9654348","863219"
"Portugal","2008","Articles of zinc nes","Export","6663049","787513"
"Qatar","2008","Articles of zinc nes","Import","12127854","2597617"
"Qatar","2008","Articles of zinc nes","Export","77705","103750"
"Rep. of Korea","2008","Articles of zinc nes","Import","6533117","839325"
"Rep. of Korea","2008","Articles of zinc nes","Export","19144024","4566155"
"Rep. of Moldova","2008","Articles of zinc nes","Import","1212210","127841"
"Rep. of Moldova","2008","Articles of zinc nes","Export","1138292","118144"
"Romania","2008","Articles of zinc nes","Import","15563224","2612345"
"Romania","2008","Articles of zinc nes","Export","4400127","831251"
"Russian Federation","2008","Articles of zinc nes","Import","3700459","352478"
"Russian Federation","2008","Articles of zinc nes","Export","137577","21411"
"Rwanda","2008","Articles of zinc nes","Import","65997","32022"
"Saint Kitts and Nevis","2008","Articles of zinc nes","Import","4190","225"
"Saint Lucia","2008","Articles of zinc nes","Import","12072","2103"
"Saint Lucia","2008","Articles of zinc nes","Export","125","21"
"Saint Vincent and the Grenadines","2008","Articles of zinc nes","Import","9226","842"
"Samoa","2008","Articles of zinc nes","Import","4807","1653"
"Sao Tome and Principe","2008","Articles of zinc nes","Import","5635","2414"
"Senegal","2008","Articles of zinc nes","Import","3084761","734274"
"Senegal","2008","Articles of zinc nes","Export","71005","12383"
"Serbia","2008","Articles of zinc nes","Import","1213387","182002"
"Serbia","2008","Articles of zinc nes","Export","220971","48266"
"Seychelles","2008","Articles of zinc nes","Import","18739","51916"
"Singapore","2008","Articles of zinc nes","Import","14252444","1857491"
"Singapore","2008","Articles of zinc nes","Export","24468755","3004292"
"Slovakia","2008","Articles of zinc nes","Import","8196296","978272"
"Slovakia","2008","Articles of zinc nes","Export","13141345","1414838"
"Slovenia","2008","Articles of zinc nes","Import","2378036","329823"
"Slovenia","2008","Articles of zinc nes","Export","4350538","426524"
"Solomon Isds","2008","Articles of zinc nes","Import","4603","1063"
"South Africa","2008","Articles of zinc nes","Import","1389663","167151"
"South Africa","2008","Articles of zinc nes","Export","1312466","427752"
"Spain","2008","Articles of zinc nes","Import","21051527","3332854"
"Spain","2008","Articles of zinc nes","Export","33082161","7677054"
"Sri Lanka","2008","Articles of zinc nes","Import","551010","190715"
"Sudan","2008","Articles of zinc nes","Import","318726","29258"
"Suriname","2008","Articles of zinc nes","Import","9735","4415"
"Sweden","2008","Articles of zinc nes","Import","8708088","1348005"
"Sweden","2008","Articles of zinc nes","Export","17042518","2370253"
"Switzerland","2008","Articles of zinc nes","Import","21644249","1870853"
"Switzerland","2008","Articles of zinc nes","Export","14326985","610719"
"Syria","2008","Articles of zinc nes","Import","62744","9305"
"TFYR of Macedonia","2008","Articles of zinc nes","Import","68669","8367"
"Thailand","2008","Articles of zinc nes","Import","8253410","1556678"
"Thailand","2008","Articles of zinc nes","Export","18663625","4169510"
"Tonga","2008","Articles of zinc nes","Import","10278","780"
"Trinidad and Tobago","2008","Articles of zinc nes","Import","448677","106982"
"Trinidad and Tobago","2008","Articles of zinc nes","Export","7396","993"
"Tunisia","2008","Articles of zinc nes","Import","1871939","335714"
"Tunisia","2008","Articles of zinc nes","Export","1453598","152056"
"Turkey","2008","Articles of zinc nes","Import","7056412","1001136"
"Turkey","2008","Articles of zinc nes","Export","8226176","2479136"
"Uganda","2008","Articles of zinc nes","Import","1748","322"
"Uganda","2008","Articles of zinc nes","Export","6824","23530"
"Ukraine","2008","Articles of zinc nes","Import","547218","101162"
"Ukraine","2008","Articles of zinc nes","Export","86150","13522"
"United Arab Emirates","2008","Articles of zinc nes","Import","14183624","4030739"
"United Arab Emirates","2008","Articles of zinc nes","Export","11066409","4260884"
"United Kingdom","2008","Articles of zinc nes","Import","25998968","3665772"
"United Kingdom","2008","Articles of zinc nes","Export","51769950","3805248"
"United Rep. of Tanzania","2008","Articles of zinc nes","Import","26455","35082"
"United Rep. of Tanzania","2008","Articles of zinc nes","Export","5348","21950"
"Uruguay","2008","Articles of zinc nes","Export","46161","2079"
"Uruguay","2008","Articles of zinc nes","Import","72969","9268"
"USA","2008","Articles of zinc nes","Import","209455321","28176913"
"USA","2008","Articles of zinc nes","Export","54532942","8654448"
"Venezuela","2008","Articles of zinc nes","Import","1282761","246037"
"Venezuela","2008","Articles of zinc nes","Export","767724","621206"
"Viet Nam","2008","Articles of zinc nes","Import","3313738","431872"
"Viet Nam","2008","Articles of zinc nes","Export","595270","73088"
"Yemen","2008","Articles of zinc nes","Import","67110","30001"
"Zambia","2008","Articles of zinc nes","Import","16914","5862"
"Zimbabwe","2008","Articles of zinc nes","Import","56989","30666"
"Albania","2007","Articles of zinc nes","Import","185860","72312"
"Algeria","2007","Articles of zinc nes","Import","575510","144845"
"Anguilla","2007","Articles of zinc nes","Import","114273","20464"
"Antigua and Barbuda","2007","Articles of zinc nes","Import","23135","5637"
"Argentina","2007","Articles of zinc nes","Import","533935","64513"
"Argentina","2007","Articles of zinc nes","Export","223689","14058"
"Armenia","2007","Articles of zinc nes","Import","24146","870"
"Armenia","2007","Articles of zinc nes","Export","200","28"
"Australia","2007","Articles of zinc nes","Import","6519725","982841"
"Australia","2007","Articles of zinc nes","Export","916077","145845"
"Austria","2007","Articles of zinc nes","Import","53340297","11146129"
"Austria","2007","Articles of zinc nes","Export","155643464","19915268"
"Azerbaijan","2007","Articles of zinc nes","Import","792088","1386478"
"Bahamas","2007","Articles of zinc nes","Import","380046","69278"
"Bahrain","2007","Articles of zinc nes","Import","299159","66904"
"Bangladesh","2007","Articles of zinc nes","Import","370766","93478"
"Barbados","2007","Articles of zinc nes","Import","83334","18516"
"Belarus","2007","Articles of zinc nes","Import","2365000","507913"
"Belarus","2007","Articles of zinc nes","Export","15300","905"
"Belgium","2007","Articles of zinc nes","Import","53678390","10287113"
"Belgium","2007","Articles of zinc nes","Export","21520051","2549743"
"Belize","2007","Articles of zinc nes","Import","57185","27162"
"Belize","2007","Articles of zinc nes","Export","93","2"
"Benin","2007","Articles of zinc nes","Import","222","123"
"Bhutan","2007","Articles of zinc nes","Import","321","121"
"Bolivia","2007","Articles of zinc nes","Import","97337","26114"
"Bosnia Herzegovina","2007","Articles of zinc nes","Import","404282","59580"
"Bosnia Herzegovina","2007","Articles of zinc nes","Export","1748569","283252"
"Botswana","2007","Articles of zinc nes","Import","352258","232393"
"Botswana","2007","Articles of zinc nes","Export","26","8"
"Brazil","2007","Articles of zinc nes","Import","2494374","321763"
"Brazil","2007","Articles of zinc nes","Export","1178769","126625"
"Bulgaria","2007","Articles of zinc nes","Import","1905371","274405"
"Bulgaria","2007","Articles of zinc nes","Export","639469","61081"
"Burkina Faso","2007","Articles of zinc nes","Import","1061431","308719"
"Burundi","2007","Articles of zinc nes","Import","636","3200"
"Cambodia","2007","Articles of zinc nes","Import","123877","196450"
"Cameroon","2007","Articles of zinc nes","Import","1997688","346135"
"Cameroon","2007","Articles of zinc nes","Export","275","119"
"Canada","2007","Articles of zinc nes","Import","30763744","10732240"
"Canada","2007","Articles of zinc nes","Export","33723034","4296833"
"Cape Verde","2007","Articles of zinc nes","Import","277956","217810"
"Cape Verde","2007","Articles of zinc nes","Export","751","292"
"Chile","2007","Articles of zinc nes","Import","1277422","201610"
"Chile","2007","Articles of zinc nes","Export","71423","13143"
"China","2007","Articles of zinc nes","Import","29142262","5513165"
"China","2007","Articles of zinc nes","Export","250359598","55979430"
"China, Hong Kong SAR","2007","Articles of zinc nes","Import","61365712","9302642"
"China, Hong Kong SAR","2007","Articles of zinc nes","Export","80302888","13722986"
"China, Macao SAR","2007","Articles of zinc nes","Import","1182","51"
"Colombia","2007","Articles of zinc nes","Import","3550063","748798"
"Colombia","2007","Articles of zinc nes","Export","17901","1429"
"Congo","2007","Articles of zinc nes","Import","36543","2640"
"Costa Rica","2007","Articles of zinc nes","Import","1779852","381032"
"Costa Rica","2007","Articles of zinc nes","Export","571264","11668"
"Cte dIvoire","2007","Articles of zinc nes","Import","130140","19956"
"Cte dIvoire","2007","Articles of zinc nes","Export","84","15"
"Croatia","2007","Articles of zinc nes","Import","2992355","421914"
"Croatia","2007","Articles of zinc nes","Export","2232697","372458"
"Cyprus","2007","Articles of zinc nes","Import","291108","51681"
"Cyprus","2007","Articles of zinc nes","Export","1773","35"
"Czech Rep.","2007","Articles of zinc nes","Import","56030644","7154692"
"Czech Rep.","2007","Articles of zinc nes","Export","37588320","8642088"
"Denmark","2007","Articles of zinc nes","Import","23884727","3393134"
"Denmark","2007","Articles of zinc nes","Export","12100748","1560604"
"Dominica","2007","Articles of zinc nes","Import","337","40"
"Dominican Rep.","2007","Articles of zinc nes","Import","21857","3313"
"Dominican Rep.","2007","Articles of zinc nes","Export","7024774","6232908"
"Ecuador","2007","Articles of zinc nes","Import","712857","99237"
"Ecuador","2007","Articles of zinc nes","Export","28662","150"
"Egypt","2007","Articles of zinc nes","Import","891552","130709"
"El Salvador","2007","Articles of zinc nes","Import","135989","24652"
"El Salvador","2007","Articles of zinc nes","Export","5425","580"
"Estonia","2007","Articles of zinc nes","Import","4602356","604928"
"Estonia","2007","Articles of zinc nes","Export","711466","174945"
"Ethiopia","2007","Articles of zinc nes","Import","28530","4022"
"EU-27","2007","Articles of zinc nes","Import","140739011","23352008"
"EU-27","2007","Articles of zinc nes","Export","99338751","9634567"
"Faeroe Isds","2007","Articles of zinc nes","Import","101448","9632"
"Fiji","2007","Articles of zinc nes","Import","66911","15650"
"Fiji","2007","Articles of zinc nes","Export","3417","839"
"Finland","2007","Articles of zinc nes","Import","3241690","546688"
"Finland","2007","Articles of zinc nes","Export","1045136","31903"
"France","2007","Articles of zinc nes","Import","87388680","14458327"
"France","2007","Articles of zinc nes","Export","2312155","477900"
"French Polynesia","2007","Articles of zinc nes","Import","79481","7044"
"French Polynesia","2007","Articles of zinc nes","Export","399","7"
"Gabon","2007","Articles of zinc nes","Import","1239040","918436"
"Georgia","2007","Articles of zinc nes","Import","78866","6056"
"Georgia","2007","Articles of zinc nes","Export","419","15"
"Germany","2007","Articles of zinc nes","Import","141954000","20928374"
"Germany","2007","Articles of zinc nes","Export","209166000","24971575"
"Ghana","2007","Articles of zinc nes","Import","35615","8521"
"Ghana","2007","Articles of zinc nes","Export","12454","19240"
"Greece","2007","Articles of zinc nes","Import","1932952","339650"
"Greece","2007","Articles of zinc nes","Export","1377259","263762"
"Greenland","2007","Articles of zinc nes","Import","32771","4229"
"Grenada","2007","Articles of zinc nes","Import","14709","2461"
"Guatemala","2007","Articles of zinc nes","Import","863431","455955"
"Guatemala","2007","Articles of zinc nes","Export","19121","16866"
"Guyana","2007","Articles of zinc nes","Import","393877","346727"
"Guyana","2007","Articles of zinc nes","Export","116","256"
"Honduras","2007","Articles of zinc nes","Import","293701","299055"
"Honduras","2007","Articles of zinc nes","Export","262","271"
"Hungary","2007","Articles of zinc nes","Import","10066000","1152600"
"Hungary","2007","Articles of zinc nes","Export","18715000","3039162"
"Iceland","2007","Articles of zinc nes","Import","392782","32026"
"India","2007","Articles of zinc nes","Import","4493845","725562"
"India","2007","Articles of zinc nes","Export","21325327","4905246"
"Indonesia","2007","Articles of zinc nes","Import","4541629","3262993"
"Indonesia","2007","Articles of zinc nes","Export","2122195","887852"
"Ireland","2007","Articles of zinc nes","Import","1279539","113327"
"Ireland","2007","Articles of zinc nes","Export","46021","2206"
"Israel","2007","Articles of zinc nes","Import","2472000","374739"
"Israel","2007","Articles of zinc nes","Export","15236000","2603685"
"Italy","2007","Articles of zinc nes","Import","21686940","2824027"
"Italy","2007","Articles of zinc nes","Export","109531852","14337368"
"Jamaica","2007","Articles of zinc nes","Import","980786","526364"
"Jamaica","2007","Articles of zinc nes","Export","1022","2517"
"Japan","2007","Articles of zinc nes","Import","34876753","5339555"
"Japan","2007","Articles of zinc nes","Export","8271039","833245"
"Jordan","2007","Articles of zinc nes","Import","107999","19347"
"Kazakhstan","2007","Articles of zinc nes","Import","1520616","214738"
"Kazakhstan","2007","Articles of zinc nes","Export","4097","362"
"Kenya","2007","Articles of zinc nes","Import","255025","235128"
"Kenya","2007","Articles of zinc nes","Export","3968","200"
"Kuwait","2007","Articles of zinc nes","Import","1411314","531728"
"Kuwait","2007","Articles of zinc nes","Export","2117012","422262"
"Kyrgyzstan","2007","Articles of zinc nes","Import","35164","5000"
"Latvia","2007","Articles of zinc nes","Import","1178994","190427"
"Latvia","2007","Articles of zinc nes","Export","260616","45912"
"Lebanon","2007","Articles of zinc nes","Import","250306","56427"
"Lebanon","2007","Articles of zinc nes","Export","192905","18952"
"Lithuania","2007","Articles of zinc nes","Import","1256714","377450"
"Lithuania","2007","Articles of zinc nes","Export","1075493","312273"
"Luxembourg","2007","Articles of zinc nes","Import","4661673","380424"
"Luxembourg","2007","Articles of zinc nes","Export","446919","94062"
"Madagascar","2007","Articles of zinc nes","Import","1306845","299721"
"Madagascar","2007","Articles of zinc nes","Export","5705","825"
"Malawi","2007","Articles of zinc nes","Import","1740","9562"
"Malaysia","2007","Articles of zinc nes","Import","3882258","651869"
"Malaysia","2007","Articles of zinc nes","Export","11612168","2168838"
"Maldives","2007","Articles of zinc nes","Import","155731","22923"
"Mali","2007","Articles of zinc nes","Import","2632130","564378"
"Malta","2007","Articles of zinc nes","Import","460665","59526"
"Malta","2007","Articles of zinc nes","Export","20852","2200"
"Mauritania","2007","Articles of zinc nes","Import","24041","3428"
"Mauritius","2007","Articles of zinc nes","Import","74524","12163"
"Mauritius","2007","Articles of zinc nes","Export","4664","277"
"Mayotte","2007","Articles of zinc nes","Import","586","33"
"Mexico","2007","Articles of zinc nes","Import","28627395","4255877"
"Mexico","2007","Articles of zinc nes","Export","20374019","3544766"
"Mongolia","2007","Articles of zinc nes","Import","97262","31666"
"Montenegro","2007","Articles of zinc nes","Import","247794","71435"
"Montenegro","2007","Articles of zinc nes","Export","2566","470"
"Montserrat","2007","Articles of zinc nes","Import","2389","247"
"Morocco","2007","Articles of zinc nes","Import","6815660","1604209"
"Morocco","2007","Articles of zinc nes","Export","20766","3417"
"Mozambique","2007","Articles of zinc nes","Import","186268","27418"
"Namibia","2007","Articles of zinc nes","Import","1258117","819213"
"Namibia","2007","Articles of zinc nes","Export","344362","844916"
"Neth. Antilles","2007","Articles of zinc nes","Import","66878","14211"
"Neth. Antilles","2007","Articles of zinc nes","Export","67983","34000"
"Netherlands","2007","Articles of zinc nes","Import","13714248","3430037"
"Netherlands","2007","Articles of zinc nes","Export","7775681","3920671"
"New Caledonia","2007","Articles of zinc nes","Import","102883","9688"
"New Zealand","2007","Articles of zinc nes","Import","819447","114818"
"New Zealand","2007","Articles of zinc nes","Export","1378167","96185"
"Nicaragua","2007","Articles of zinc nes","Import","40882","18996"
"Nicaragua","2007","Articles of zinc nes","Export","10","4"
"Niger","2007","Articles of zinc nes","Import","252","59"
"Nigeria","2007","Articles of zinc nes","Import","255491","37607"
"Norway","2007","Articles of zinc nes","Import","7527403","793000"
"Norway","2007","Articles of zinc nes","Export","2513728","267911"
"Occ. Palestinian Terr.","2007","Articles of zinc nes","Import","19720","2989"
"Occ. Palestinian Terr.","2007","Articles of zinc nes","Export","860","147"
"Oman","2007","Articles of zinc nes","Import","408044","68217"
"Other Asia, nes","2007","Articles of zinc nes","Import","3796046","602101"
"Other Asia, nes","2007","Articles of zinc nes","Export","81692810","10480446"
"Pakistan","2007","Articles of zinc nes","Import","4134997","1781597"
"Pakistan","2007","Articles of zinc nes","Export","140685","53047"
"Panama","2007","Articles of zinc nes","Import","471430","132424"
"Panama","2007","Articles of zinc nes","Export","498731","125794"
"Paraguay","2007","Articles of zinc nes","Import","32497","5594"
"Peru","2007","Articles of zinc nes","Import","440324","60560"
"Peru","2007","Articles of zinc nes","Export","40503658","11258389"
"Philippines","2007","Articles of zinc nes","Import","387210","267035"
"Philippines","2007","Articles of zinc nes","Export","7760","1324"
"Poland","2007","Articles of zinc nes","Import","47705162","6173539"
"Poland","2007","Articles of zinc nes","Export","18503866","3437942"
"Portugal","2007","Articles of zinc nes","Import","10433777","772649"
"Portugal","2007","Articles of zinc nes","Export","7012627","825062"
"Qatar","2007","Articles of zinc nes","Import","10077178","2843848"
"Rep. of Korea","2007","Articles of zinc nes","Import","6200131","873003"
"Rep. of Korea","2007","Articles of zinc nes","Export","14941987","2965651"
"Rep. of Moldova","2007","Articles of zinc nes","Import","140071","9740"
"Rep. of Moldova","2007","Articles of zinc nes","Export","224","34"
"Romania","2007","Articles of zinc nes","Import","12606583","2291296"
"Romania","2007","Articles of zinc nes","Export","6124643","1104934"
"Russian Federation","2007","Articles of zinc nes","Import","2652925","267009"
"Russian Federation","2007","Articles of zinc nes","Export","269967","41275"
"Rwanda","2007","Articles of zinc nes","Export","1993","1092"
"Rwanda","2007","Articles of zinc nes","Import","114403","82241"
"Saint Kitts and Nevis","2007","Articles of zinc nes","Import","5396","4627"
"Saint Lucia","2007","Articles of zinc nes","Import","12853","4541"
"Saint Vincent and the Grenadines","2007","Articles of zinc nes","Import","23612","6064"
"Samoa","2007","Articles of zinc nes","Import","4077","1285"
"Sao Tome and Principe","2007","Articles of zinc nes","Import","1087","862"
"Saudi Arabia","2007","Articles of zinc nes","Import","5933179","1003288"
"Saudi Arabia","2007","Articles of zinc nes","Export","2892519","2104340"
"Senegal","2007","Articles of zinc nes","Import","3724763","727864"
"Senegal","2007","Articles of zinc nes","Export","311350","28384"
"Serbia","2007","Articles of zinc nes","Import","994962","658851"
"Serbia","2007","Articles of zinc nes","Export","881350","560428"
"Singapore","2007","Articles of zinc nes","Import","7098873","1076143"
"Singapore","2007","Articles of zinc nes","Export","22284175","3808150"
"Slovakia","2007","Articles of zinc nes","Import","8165449","1198477"
"Slovakia","2007","Articles of zinc nes","Export","14426829","1640442"
"Slovenia","2007","Articles of zinc nes","Import","2321504","413605"
"Slovenia","2007","Articles of zinc nes","Export","4204768","427541"
"South Africa","2007","Articles of zinc nes","Import","1677903","267005"
"South Africa","2007","Articles of zinc nes","Export","1506512","636073"
"Spain","2007","Articles of zinc nes","Import","25351096","4274562"
"Spain","2007","Articles of zinc nes","Export","45164705","8758545"
"Sri Lanka","2007","Articles of zinc nes","Import","783926","182444"
"Sri Lanka","2007","Articles of zinc nes","Export","67015","23600"
"Sudan","2007","Articles of zinc nes","Import","70487","404200"
"Suriname","2007","Articles of zinc nes","Import","1309","1609"
"Swaziland","2007","Articles of zinc nes","Import","45903","21341"
"Swaziland","2007","Articles of zinc nes","Export","9776","4648"
"Sweden","2007","Articles of zinc nes","Import","9042893","1411155"
"Sweden","2007","Articles of zinc nes","Export","19843773","2283102"
"Switzerland","2007","Articles of zinc nes","Import","21286249","1912232"
"Switzerland","2007","Articles of zinc nes","Export","11593166","638945"
"TFYR of Macedonia","2007","Articles of zinc nes","Import","48686","7134"
"TFYR of Macedonia","2007","Articles of zinc nes","Export","46914","8779"
"Thailand","2007","Articles of zinc nes","Import","10951454","2539830"
"Thailand","2007","Articles of zinc nes","Export","14026918","3749894"
"Togo","2007","Articles of zinc nes","Import","2558","8360"
"Trinidad and Tobago","2007","Articles of zinc nes","Import","344862","63237"
"Trinidad and Tobago","2007","Articles of zinc nes","Export","18618","2003"
"Tunisia","2007","Articles of zinc nes","Import","948286","166538"
"Tunisia","2007","Articles of zinc nes","Export","2115010","243325"
"Turkey","2007","Articles of zinc nes","Import","5103516","803329"
"Turkey","2007","Articles of zinc nes","Export","9872137","2972172"
"Uganda","2007","Articles of zinc nes","Import","2368","440"
"Uganda","2007","Articles of zinc nes","Export","302","500"
"Ukraine","2007","Articles of zinc nes","Import","525198","112573"
"Ukraine","2007","Articles of zinc nes","Export","47912","10360"
"United Arab Emirates","2007","Articles of zinc nes","Import","12434988","7996935"
"United Arab Emirates","2007","Articles of zinc nes","Export","17048719","6667252"
"United Kingdom","2007","Articles of zinc nes","Import","28245646","3569437"
"United Kingdom","2007","Articles of zinc nes","Export","56680826","3012325"
"United Rep. of Tanzania","2007","Articles of zinc nes","Import","26701","12657"
"Uruguay","2007","Articles of zinc nes","Import","43882","4554"
"Uruguay","2007","Articles of zinc nes","Export","52057","1705"
"USA","2007","Articles of zinc nes","Import","251875803","33627375"
"USA","2007","Articles of zinc nes","Export","54535185","9739180"
"Vanuatu","2007","Articles of zinc nes","Import","7466","469"
"Venezuela","2007","Articles of zinc nes","Import","1287473","250706"
"Viet Nam","2007","Articles of zinc nes","Import","2863791","421538"
"Viet Nam","2007","Articles of zinc nes","Export","754509","127527"
"Yemen","2007","Articles of zinc nes","Import","62631","68995"
"Zambia","2007","Articles of zinc nes","Import","96339","52621"
"Zambia","2007","Articles of zinc nes","Export","82587","336600"
"Zimbabwe","2007","Articles of zinc nes","Import","33247","4894"
